timestamp,city,temperature,humidity,rainfall,wind_speed,pressure
2026-08-11T00:00:00,Chennai,27.2,85.0,0.0,10.0,1010.2
2026-08-11T00:00:00,Bengaluru,19.3,77.1,0.0,6.6,916.2
2026-08-11T00:00:00,Hyderabad,46.4,17.4,0.0,9.2,956.2
2026-08-11T00:00:00,Mumbai,27.0,89.0,11.1,15.7,1011.1
2026-08-11T00:00:00,Delhi,27.2,61.3,0.0,7.6,983.1
2026-08-11T00:00:00,Kolkata,27.6,92.9,1.3,13.6,1007.9
2026-08-11T00:00:00,Pune,22.8,79.9,0.0,13.9,951.9
2026-08-11T01:00:00,Chennai,28.3,85.6,0.0,10.6,1010.0
2026-08-11T01:00:00,Bengaluru,18.8,80.2,0.0,9.8,916.0
2026-08-11T01:00:00,Hyderabad,24.6,74.6,0.0,6.6,956.1
2026-08-11T01:00:00,Mumbai,27.8,93.5,0.0,65.8,1010.9
2026-08-11T01:00:00,Delhi,27.1,65.6,0.0,10.5,983.3
2026-08-11T01:00:00,Kolkata,27.8,92.1,0.0,11.2,1008.2
2026-08-11T01:00:00,Pune,22.7,78.5,11.8,8.2,950.8
2026-08-11T02:00:00,Chennai,27.3,85.4,0.0,10.7,1009.7
2026-08-11T02:00:00,Bengaluru,20.2,77.1,0.0,11.0,915.9
2026-08-11T02:00:00,Hyderabad,23.8,71.7,0.0,8.0,955.7
2026-08-11T02:00:00,Mumbai,26.5,92.0,0.0,11.3,1011.2
2026-08-11T02:00:00,Delhi,26.8,67.7,0.0,5.1,983.0
2026-08-11T02:00:00,Kolkata,27.6,91.0,0.0,9.3,1006.8
2026-08-11T02:00:00,Pune,22.2,77.8,0.0,7.9,951.1
2026-08-11T03:00:00,Chennai,27.6,85.0,9.7,13.4,1008.8
2026-08-11T03:00:00,Bengaluru,19.2,81.6,0.0,9.1,914.7
2026-08-11T03:00:00,Hyderabad,23.1,72.3,0.0,12.1,955.1
2026-08-11T03:00:00,Mumbai,26.4,90.0,6.2,12.5,1010.1
2026-08-11T03:00:00,Delhi,27.1,64.6,2.2,10.4,982.4
2026-08-11T03:00:00,Kolkata,27.1,91.3,0.0,13.7,1006.6
2026-08-11T03:00:00,Pune,22.3,76.6,0.0,8.3,949.9
2026-08-11T04:00:00,Chennai,28.6,87.4,0.0,15.3,1007.3
2026-08-11T04:00:00,Bengaluru,20.9,76.1,0.0,7.7,914.2
2026-08-11T04:00:00,Hyderabad,23.8,74.4,0.0,8.5,954.6
2026-08-11T04:00:00,Mumbai,28.5,98.3,73.9,64.6,978.9
2026-08-11T04:00:00,Delhi,26.6,63.4,0.0,10.9,981.5
2026-08-11T04:00:00,Kolkata,28.5,93.8,4.4,12.0,1005.7
2026-08-11T04:00:00,Pune,22.7,74.4,0.0,52.8,948.8
2026-08-11T05:00:00,Chennai,28.0,82.6,1.9,13.0,1007.4
2026-08-11T05:00:00,Bengaluru,20.5,75.3,0.0,11.2,913.6
2026-08-11T05:00:00,Hyderabad,26.1,67.5,0.0,10.9,953.4
2026-08-11T05:00:00,Mumbai,27.6,88.0,0.0,16.1,1008.3
2026-08-11T05:00:00,Delhi,30.0,58.0,0.0,6.4,980.5
2026-08-11T05:00:00,Kolkata,29.4,89.1,0.0,9.0,1005.5
2026-08-11T05:00:00,Pune,24.1,75.5,0.0,8.4,949.0
2026-08-11T06:00:00,Chennai,30.6,79.8,0.0,10.3,1006.6
2026-08-11T06:00:00,Bengaluru,22.2,72.3,8.0,8.9,913.6
2026-08-11T06:00:00,Hyderabad,27.2,63.6,14.7,9.5,953.3
2026-08-11T06:00:00,Mumbai,28.3,88.4,2.0,15.4,1008.4
2026-08-11T06:00:00,Delhi,31.6,56.3,1.1,11.3,980.6
2026-08-11T06:00:00,Kolkata,30.3,88.8,5.2,14.5,1005.4
2026-08-11T06:00:00,Pune,24.8,73.8,31.9,11.8,948.6
2026-08-11T07:00:00,Chennai,31.8,81.0,0.0,16.4,1006.7
2026-08-11T07:00:00,Bengaluru,24.1,68.5,18.6,14.3,914.0
2026-08-11T07:00:00,Hyderabad,28.7,64.3,0.0,8.8,954.0
2026-08-11T07:00:00,Mumbai,30.2,83.0,49.9,12.4,1008.4
2026-08-11T07:00:00,Delhi,32.4,51.5,0.0,9.0,981.2
2026-08-11T07:00:00,Kolkata,29.7,86.4,2.1,10.5,1005.7
2026-08-11T07:00:00,Pune,26.0,66.8,0.0,14.0,948.7
2026-08-11T08:00:00,Chennai,31.5,77.3,0.0,11.0,1008.2
2026-08-11T08:00:00,Bengaluru,25.0,63.0,0.0,11.5,913.8
2026-08-11T08:00:00,Hyderabad,29.1,60.1,0.0,13.0,954.1
2026-08-11T08:00:00,Mumbai,30.3,80.8,0.0,13.9,1009.2
2026-08-11T08:00:00,Delhi,35.8,45.7,2.7,9.1,981.3
2026-08-11T08:00:00,Kolkata,31.7,80.9,11.5,13.3,1005.7
2026-08-11T08:00:00,Pune,27.6,62.0,0.0,11.1,949.3
2026-08-11T09:00:00,Chennai,33.8,74.4,0.4,16.5,1008.2
2026-08-11T09:00:00,Bengaluru,25.7,59.4,0.0,10.3,914.9
2026-08-11T09:00:00,Hyderabad,31.4,53.8,13.9,10.5,955.2
2026-08-11T09:00:00,Mumbai,30.6,79.0,0.0,15.0,1010.5
2026-08-11T09:00:00,Delhi,36.7,41.4,0.0,60.7,982.3
2026-08-11T09:00:00,Kolkata,33.3,77.1,0.0,15.8,1006.5
2026-08-11T09:00:00,Pune,29.2,61.6,12.2,14.6,949.8
2026-08-11T10:00:00,Chennai,34.3,70.8,0.0,14.4,1008.8
2026-08-11T10:00:00,Bengaluru,26.6,53.2,0.0,11.5,915.5
2026-08-11T10:00:00,Hyderabad,31.6,49.4,0.0,13.3,955.7
2026-08-11T10:00:00,Mumbai,33.1,77.5,0.0,19.4,1011.1
2026-08-11T10:00:00,Delhi,38.3,33.1,0.0,13.8,983.1
2026-08-11T10:00:00,Kolkata,34.0,73.3,10.3,15.7,1007.0
2026-08-11T10:00:00,Pune,29.4,96.1,75.8,65.7,910.3
2026-08-11T11:00:00,Chennai,34.3,67.1,0.0,19.2,1009.5
2026-08-11T11:00:00,Bengaluru,27.9,48.3,0.0,17.3,916.1
2026-08-11T11:00:00,Hyderabad,34.4,46.5,0.0,15.4,955.9
2026-08-11T11:00:00,Mumbai,32.1,77.7,45.7,15.4,1010.8
2026-08-11T11:00:00,Delhi,40.5,29.3,0.0,9.9,983.7
2026-08-11T11:00:00,Kolkata,34.1,70.7,0.0,18.9,1008.0
2026-08-11T11:00:00,Pune,30.5,53.9,0.0,19.1,951.4
2026-08-11T12:00:00,Chennai,36.8,63.8,17.9,17.7,1010.3
2026-08-11T12:00:00,Bengaluru,29.2,48.2,9.1,17.2,916.6
2026-08-11T12:00:00,Hyderabad,33.8,45.0,0.0,10.7,956.4
2026-08-11T12:00:00,Mumbai,33.3,75.7,18.4,18.8,1011.2
2026-08-11T12:00:00,Delhi,42.6,28.5,0.0,15.0,983.5
2026-08-11T12:00:00,Kolkata,34.6,66.3,0.0,19.1,1007.8
2026-08-11T12:00:00,Pune,31.9,52.0,0.0,15.5,951.5
2026-08-11T13:00:00,Chennai,36.1,63.0,0.0,15.9,1009.9
2026-08-11T13:00:00,Bengaluru,29.4,42.8,0.0,13.6,916.2
2026-08-11T13:00:00,Hyderabad,35.2,43.8,0.0,14.0,955.8
2026-08-11T13:00:00,Mumbai,33.4,73.3,142.3,18.5,1011.4
2026-08-11T13:00:00,Delhi,42.9,23.5,0.0,12.0,983.0
2026-08-11T13:00:00,Kolkata,35.8,69.2,0.0,17.7,1007.5
2026-08-11T13:00:00,Pune,32.5,51.1,0.0,17.6,951.8
2026-08-11T14:00:00,Chennai,36.2,62.8,0.8,19.0,1008.9
2026-08-11T14:00:00,Bengaluru,30.4,44.8,4.0,17.3,915.4
2026-08-11T14:00:00,Hyderabad,35.2,44.8,0.7,12.8,956.1
2026-08-11T14:00:00,Mumbai,34.2,73.1,0.0,17.1,1011.1
2026-08-11T14:00:00,Delhi,43.0,23.3,0.0,12.9,982.8
2026-08-11T14:00:00,Kolkata,35.3,68.5,0.0,15.1,1007.3
2026-08-11T14:00:00,Pune,31.6,51.8,0.0,14.2,951.0
2026-08-11T15:00:00,Chennai,35.5,62.8,0.0,17.8,1008.2
2026-08-11T15:00:00,Bengaluru,29.3,41.8,0.0,13.9,914.8
2026-08-11T15:00:00,Hyderabad,34.8,41.1,0.0,16.4,955.1
2026-08-11T15:00:00,Mumbai,33.1,70.7,1.5,16.9,1009.8
2026-08-11T15:00:00,Delhi,43.4,25.7,0.0,16.3,981.9
2026-08-11T15:00:00,Kolkata,35.2,65.1,0.0,16.7,1006.4
2026-08-11T15:00:00,Pune,32.8,50.1,0.0,13.6,949.7
2026-08-11T16:00:00,Chennai,36.1,62.7,0.0,19.0,1008.1
2026-08-11T16:00:00,Bengaluru,28.2,46.5,0.0,14.7,914.0
2026-08-11T16:00:00,Hyderabad,35.3,47.0,0.0,13.9,954.2
2026-08-11T16:00:00,Mumbai,32.9,72.8,0.0,19.1,1009.4
2026-08-11T16:00:00,Delhi,41.4,23.5,0.0,11.4,980.9
2026-08-11T16:00:00,Kolkata,35.6,64.9,13.2,18.7,1005.7
2026-08-11T16:00:00,Pune,31.8,50.7,4.1,13.5,949.0
2026-08-11T17:00:00,Chennai,35.2,64.7,0.0,17.5,1007.5
2026-08-11T17:00:00,Bengaluru,27.1,48.7,35.3,12.7,914.0
2026-08-11T17:00:00,Hyderabad,33.1,49.3,0.0,12.2,953.9
2026-08-11T17:00:00,Mumbai,32.9,74.7,0.0,16.1,1008.4
2026-08-11T17:00:00,Delhi,40.3,26.9,0.0,14.5,981.1
2026-08-11T17:00:00,Kolkata,33.9,67.1,0.0,17.2,1005.5
2026-08-11T17:00:00,Pune,31.6,53.1,0.0,16.0,948.5
2026-08-11T18:00:00,Chennai,35.1,72.2,0.0,19.4,1006.7
2026-08-11T18:00:00,Bengaluru,26.8,51.9,0.0,13.8,913.9
2026-08-11T18:00:00,Hyderabad,33.1,50.9,33.6,10.6,954.0
2026-08-11T18:00:00,Mumbai,31.5,79.1,3.9,15.2,1008.9
2026-08-11T18:00:00,Delhi,40.2,31.4,0.0,14.0,980.3
2026-08-11T18:00:00,Kolkata,32.7,72.0,0.0,16.2,1005.0
2026-08-11T18:00:00,Pune,30.5,56.4,13.8,15.8,948.6
2026-08-11T19:00:00,Chennai,32.6,70.4,0.0,18.6,1007.5
2026-08-11T19:00:00,Bengaluru,25.1,56.1,5.3,10.0,913.5
2026-08-11T19:00:00,Hyderabad,30.5,53.3,9.4,13.5,953.4
2026-08-11T19:00:00,Mumbai,31.8,79.4,0.0,17.9,1008.4
2026-08-11T19:00:00,Delhi,37.5,41.7,0.0,11.0,980.5
2026-08-11T19:00:00,Kolkata,33.4,79.3,0.0,12.9,1005.7
2026-08-11T19:00:00,Pune,28.0,63.1,0.0,17.2,948.3
2026-08-11T20:00:00,Chennai,31.6,77.2,0.0,11.2,1008.1
2026-08-11T20:00:00,Bengaluru,25.2,92.3,99.9,15.8,914.7
2026-08-11T20:00:00,Hyderabad,28.9,56.1,0.0,9.8,954.5
2026-08-11T20:00:00,Mumbai,29.8,79.6,0.0,17.4,1008.8
2026-08-11T20:00:00,Delhi,34.7,95.7,78.7,65.8,955.0
2026-08-11T20:00:00,Kolkata,32.2,78.5,0.0,15.8,1005.7
2026-08-11T20:00:00,Pune,26.7,61.7,0.0,17.2,948.9
2026-08-11T21:00:00,Chennai,31.3,82.0,0.0,17.0,1008.8
2026-08-11T21:00:00,Bengaluru,22.2,66.9,0.0,11.4,915.2
2026-08-11T21:00:00,Hyderabad,28.6,64.8,21.6,8.0,954.7
2026-08-11T21:00:00,Mumbai,30.4,82.9,0.0,12.7,1010.3
2026-08-11T21:00:00,Delhi,32.6,48.5,0.0,12.8,981.8
2026-08-11T21:00:00,Kolkata,31.2,81.4,0.0,12.4,1006.7
2026-08-11T21:00:00,Pune,25.4,69.3,8.1,10.8,949.9
2026-08-11T22:00:00,Chennai,30.7,79.2,0.0,12.1,1009.2
2026-08-11T22:00:00,Bengaluru,21.2,72.1,0.0,11.3,916.2
2026-08-11T22:00:00,Hyderabad,25.9,63.7,0.0,12.4,955.7
2026-08-11T22:00:00,Mumbai,28.9,84.1,20.8,17.0,1010.5
2026-08-11T22:00:00,Delhi,31.3,54.2,0.0,7.0,983.1
2026-08-11T22:00:00,Kolkata,30.3,84.0,5.2,14.5,1006.9
2026-08-11T22:00:00,Pune,24.6,68.7,4.7,9.1,951.0
2026-08-11T23:00:00,Chennai,27.9,85.9,0.0,12.6,1010.0
2026-08-11T23:00:00,Bengaluru,21.0,72.4,18.3,10.4,916.7
2026-08-11T23:00:00,Hyderabad,25.3,69.1,0.0,12.6,955.9
2026-08-11T23:00:00,Mumbai,28.4,89.0,23.4,17.2,1010.9
2026-08-11T23:00:00,Delhi,28.5,61.4,0.0,8.7,983.1
2026-08-11T23:00:00,Kolkata,28.6,90.5,0.0,8.6,1008.0
2026-08-11T23:00:00,Pune,23.6,75.9,5.0,9.9,951.3
2026-08-12T00:00:00,Chennai,27.9,84.0,0.0,11.4,1010.2
2026-08-12T00:00:00,Bengaluru,21.0,75.0,16.1,12.2,916.1
2026-08-12T00:00:00,Hyderabad,24.4,72.4,4.4,9.3,956.3
2026-08-12T00:00:00,Mumbai,28.0,92.9,0.0,15.4,1012.0
2026-08-12T00:00:00,Delhi,27.8,62.3,14.9,9.0,983.2
2026-08-12T00:00:00,Kolkata,28.6,92.6,0.0,13.1,1008.3
2026-08-12T00:00:00,Pune,22.5,77.8,0.0,8.1,951.9
2026-08-12T01:00:00,Chennai,27.0,88.8,30.6,10.3,1009.6
2026-08-12T01:00:00,Bengaluru,19.5,77.2,0.0,10.5,915.8
2026-08-12T01:00:00,Hyderabad,23.5,72.5,0.0,7.7,956.5
2026-08-12T01:00:00,Mumbai,26.3,89.0,0.0,11.2,1011.4
2026-08-12T01:00:00,Delhi,27.1,66.2,0.0,7.2,983.1
2026-08-12T01:00:00,Kolkata,27.5,92.2,0.0,11.9,1007.8
2026-08-12T01:00:00,Pune,21.5,91.2,78.0,7.7,951.1
2026-08-12T02:00:00,Chennai,27.4,85.8,0.0,11.7,1009.0
2026-08-12T02:00:00,Bengaluru,19.2,79.4,0.0,11.2,915.7
2026-08-12T02:00:00,Hyderabad,23.1,73.6,0.0,7.8,955.9
2026-08-12T02:00:00,Mumbai,27.9,90.0,0.0,16.6,1010.7
2026-08-12T02:00:00,Delhi,26.4,64.6,16.4,7.0,982.7
2026-08-12T02:00:00,Kolkata,26.9,95.7,0.0,7.5,1007.4
2026-08-12T02:00:00,Pune,22.1,78.1,1.3,14.2,950.9
2026-08-12T03:00:00,Chennai,27.0,85.5,0.0,13.4,1008.1
2026-08-12T03:00:00,Bengaluru,19.6,79.8,0.0,10.2,915.2
2026-08-12T03:00:00,Hyderabad,24.7,72.4,0.0,11.9,954.8
2026-08-12T03:00:00,Mumbai,27.4,93.4,15.5,14.2,1009.9
2026-08-12T03:00:00,Delhi,6.5,65.0,7.2,8.6,982.5
2026-08-12T03:00:00,Kolkata,28.2,95.9,0.0,10.3,1006.8
2026-08-12T03:00:00,Pune,21.6,76.4,0.0,8.0,949.6
2026-08-12T04:00:00,Chennai,28.5,86.4,0.0,9.6,1007.5
2026-08-12T04:00:00,Bengaluru,20.2,75.5,0.0,9.0,914.0
2026-08-12T04:00:00,Hyderabad,24.5,73.6,11.3,9.9,953.8
2026-08-12T04:00:00,Mumbai,27.9,91.6,21.9,16.7,1009.6
2026-08-12T04:00:00,Delhi,27.3,66.9,0.0,9.3,981.1
2026-08-12T04:00:00,Kolkata,27.7,91.4,0.0,12.9,1006.1
2026-08-12T04:00:00,Pune,22.7,78.1,0.0,11.6,949.4
2026-08-12T05:00:00,Chennai,28.5,82.6,0.0,10.4,1007.6
2026-08-12T05:00:00,Bengaluru,20.2,72.2,0.0,12.8,913.3
2026-08-12T05:00:00,Hyderabad,26.0,66.5,4.7,8.2,954.0
2026-08-12T05:00:00,Mumbai,28.7,90.7,0.0,16.5,1008.4
2026-08-12T05:00:00,Delhi,29.3,59.0,0.0,8.0,980.5
2026-08-12T05:00:00,Kolkata,28.7,88.8,0.0,13.5,1005.2
2026-08-12T05:00:00,Pune,24.0,77.5,0.0,11.6,948.5
2026-08-12T06:00:00,Chennai,30.7,83.9,0.0,15.1,1006.6
2026-08-12T06:00:00,Bengaluru,22.7,71.3,0.0,8.2,913.8
2026-08-12T06:00:00,Hyderabad,27.0,64.6,0.0,12.8,953.1
2026-08-12T06:00:00,Mumbai,28.2,86.7,17.4,13.9,1008.0
2026-08-12T06:00:00,Delhi,31.7,55.2,0.0,5.7,980.9
2026-08-12T06:00:00,Kolkata,30.1,84.8,0.0,10.5,1005.3
2026-08-12T06:00:00,Pune,24.7,71.2,21.6,9.0,948.1
2026-08-12T07:00:00,Chennai,31.3,79.3,0.0,11.0,1007.0
2026-08-12T07:00:00,Bengaluru,23.0,68.4,0.0,59.6,913.3
2026-08-12T07:00:00,Hyderabad,28.1,63.5,0.0,9.3,953.2
2026-08-12T07:00:00,Mumbai,29.0,85.6,0.0,15.9,1008.6
2026-08-12T07:00:00,Delhi,33.4,50.7,3.9,6.4,981.1
2026-08-12T07:00:00,Kolkata,31.0,82.8,0.0,9.7,1004.9
2026-08-12T07:00:00,Pune,25.7,69.4,0.0,10.7,948.6
2026-08-12T08:00:00,Chennai,32.7,77.1,2.2,17.9,1007.7
2026-08-12T08:00:00,Bengaluru,25.4,59.2,0.0,10.4,914.5
2026-08-12T08:00:00,Hyderabad,29.1,57.4,10.4,13.7,954.2
2026-08-12T08:00:00,Mumbai,31.2,79.3,0.0,17.6,1009.0
2026-08-12T08:00:00,Delhi,34.8,44.6,0.0,13.7,981.1
2026-08-12T08:00:00,Kolkata,31.2,81.8,0.0,11.9,1005.3
2026-08-12T08:00:00,Pune,28.0,62.1,0.0,12.6,948.9
2026-08-12T09:00:00,Chennai,33.1,74.2,0.0,12.9,1008.4
2026-08-12T09:00:00,Bengaluru,26.6,58.0,0.0,12.8,915.1
2026-08-12T09:00:00,Hyderabad,31.4,53.3,0.3,62.2,955.2
2026-08-12T09:00:00,Mumbai,30.7,77.8,0.0,18.3,1009.9
2026-08-12T09:00:00,Delhi,36.5,96.5,82.9,10.4,981.9
2026-08-12T09:00:00,Kolkata,31.8,77.8,0.0,14.3,1006.4
2026-08-12T09:00:00,Pune,27.9,59.8,0.0,18.3,949.8
2026-08-12T10:00:00,Chennai,33.5,72.1,0.0,15.7,1009.6
2026-08-12T10:00:00,Bengaluru,27.4,55.1,9.4,12.7,915.6
2026-08-12T10:00:00,Hyderabad,33.2,51.3,0.0,16.0,955.9
2026-08-12T10:00:00,Mumbai,31.5,75.2,20.2,15.5,1011.0
2026-08-12T10:00:00,Delhi,39.9,34.3,0.0,12.8,982.3
2026-08-12T10:00:00,Kolkata,33.9,73.2,64.6,16.9,1007.6
2026-08-12T10:00:00,Pune,29.6,57.6,0.0,14.4,951.1
2026-08-12T11:00:00,Chennai,34.5,70.3,2.0,16.1,1010.2
2026-08-12T11:00:00,Bengaluru,27.4,48.2,0.0,16.1,916.1
2026-08-12T11:00:00,Hyderabad,34.4,45.2,3.6,14.6,956.3
2026-08-12T11:00:00,Mumbai,33.0,72.9,0.0,21.7,1011.0
2026-08-12T11:00:00,Delhi,41.2,31.5,0.4,13.1,983.6
2026-08-12T11:00:00,Kolkata,34.5,71.0,0.0,17.5,1007.7
2026-08-12T11:00:00,Pune,31.1,52.1,0.0,19.3,951.3
2026-08-12T12:00:00,Chennai,35.5,63.0,0.0,14.0,1009.9
2026-08-12T12:00:00,Bengaluru,29.0,45.3,0.0,16.6,916.7
2026-08-12T12:00:00,Hyderabad,34.0,43.4,0.0,14.5,956.3
2026-08-12T12:00:00,Mumbai,33.0,70.9,0.0,17.6,1011.4
2026-08-12T12:00:00,Delhi,43.1,23.9,0.0,11.9,983.6
2026-08-12T12:00:00,Kolkata,35.0,68.0,52.3,16.1,1007.8
2026-08-12T12:00:00,Pune,32.7,49.3,0.0,15.6,951.1
2026-08-12T13:00:00,Chennai,36.7,64.2,0.0,17.7,1010.1
2026-08-12T13:00:00,Bengaluru,29.8,46.2,0.0,14.5,916.2
2026-08-12T13:00:00,Hyderabad,35.4,40.0,0.0,14.4,956.6
2026-08-12T13:00:00,Mumbai,34.2,70.1,0.0,22.7,1011.2
2026-08-12T13:00:00,Delhi,44.1,25.3,0.0,11.3,983.3
2026-08-12T13:00:00,Kolkata,34.6,65.5,0.0,52.5,1007.8
2026-08-12T13:00:00,Pune,31.9,48.9,0.0,17.7,951.6
2026-08-12T14:00:00,Chennai,36.5,63.9,6.0,17.9,1009.2
2026-08-12T14:00:00,Bengaluru,29.3,42.8,0.0,18.3,916.1
2026-08-12T14:00:00,Hyderabad,35.0,42.9,0.0,17.8,955.8
2026-08-12T14:00:00,Mumbai,34.0,92.1,39.9,74.0,984.5
2026-08-12T14:00:00,Delhi,42.8,24.1,0.0,12.9,983.0
2026-08-12T14:00:00,Kolkata,36.0,63.4,19.5,14.0,1007.0
2026-08-12T14:00:00,Pune,32.1,47.0,0.0,19.9,950.6
2026-08-12T15:00:00,Chennai,36.8,65.3,4.2,18.8,1008.6
2026-08-12T15:00:00,Bengaluru,28.8,47.5,14.6,14.0,914.8
2026-08-12T15:00:00,Hyderabad,35.0,45.1,11.3,16.5,954.8
2026-08-12T15:00:00,Mumbai,34.8,74.3,8.5,22.6,1010.3
2026-08-12T15:00:00,Delhi,42.9,23.4,0.0,11.7,982.0
2026-08-12T15:00:00,Kolkata,36.2,67.7,0.0,13.9,1006.6
2026-08-12T15:00:00,Pune,32.7,49.7,0.0,17.9,949.6
2026-08-12T16:00:00,Chennai,35.1,67.2,0.0,13.6,1007.8
2026-08-12T16:00:00,Bengaluru,29.7,48.7,0.0,14.9,913.9
2026-08-12T16:00:00,Hyderabad,35.0,46.6,0.0,11.2,954.3
2026-08-12T16:00:00,Mumbai,34.4,75.8,63.0,16.8,1009.6
2026-08-12T16:00:00,Delhi,42.2,25.9,0.0,16.2,981.7
2026-08-12T16:00:00,Kolkata,34.0,68.3,81.3,13.3,1006.2
2026-08-12T16:00:00,Pune,31.8,53.6,1.4,19.1,949.2
2026-08-12T17:00:00,Chennai,35.1,66.1,0.0,14.4,1007.4
2026-08-12T17:00:00,Bengaluru,28.6,47.3,0.0,17.1,914.1
2026-08-12T17:00:00,Hyderabad,32.9,47.7,0.0,11.4,953.3
2026-08-12T17:00:00,Mumbai,32.5,73.3,32.1,20.4,1009.2
2026-08-12T17:00:00,Delhi,7.8,30.6,0.0,9.6,980.3
2026-08-12T17:00:00,Kolkata,35.1,71.7,0.0,17.0,1005.3
2026-08-12T17:00:00,Pune,30.3,56.1,0.0,16.0,948.7
2026-08-12T18:00:00,Chennai,34.7,72.5,0.0,17.8,1007.3
2026-08-12T18:00:00,Bengaluru,27.4,53.6,0.0,16.0,913.5
2026-08-12T18:00:00,Hyderabad,33.3,47.7,0.0,15.3,953.9
2026-08-12T18:00:00,Mumbai,31.6,79.1,0.0,17.6,1008.7
2026-08-12T18:00:00,Delhi,40.0,33.7,0.0,8.9,980.1
2026-08-12T18:00:00,Kolkata,33.6,74.0,0.0,13.7,1004.5
2026-08-12T18:00:00,Pune,28.9,56.0,27.0,16.9,948.5
2026-08-12T19:00:00,Chennai,33.1,71.6,0.0,13.0,1006.8
2026-08-12T19:00:00,Bengaluru,26.7,56.6,0.0,16.0,913.6
2026-08-12T19:00:00,Hyderabad,30.2,56.6,0.0,14.9,953.3
2026-08-12T19:00:00,Mumbai,32.4,78.8,0.0,14.7,1009.2
2026-08-12T19:00:00,Delhi,38.2,39.1,0.0,12.8,980.6
2026-08-12T19:00:00,Kolkata,32.5,74.3,0.0,12.1,1005.6
2026-08-12T19:00:00,Pune,28.7,60.8,0.8,50.6,949.1
2026-08-12T20:00:00,Chennai,32.4,73.3,3.7,16.2,1007.7
2026-08-12T20:00:00,Bengaluru,23.6,62.0,0.0,11.0,914.6
2026-08-12T20:00:00,Hyderabad,29.7,59.0,10.8,10.2,954.1
2026-08-12T20:00:00,Mumbai,30.1,79.4,0.0,19.6,1009.6
2026-08-12T20:00:00,Delhi,34.9,45.0,0.0,13.8,981.7
2026-08-12T20:00:00,Kolkata,31.1,79.5,0.0,11.0,1005.6
2026-08-12T20:00:00,Pune,27.7,62.8,0.0,15.5,949.6
2026-08-12T21:00:00,Chennai,31.8,79.4,15.6,11.2,1008.2
2026-08-12T21:00:00,Bengaluru,23.9,64.2,13.4,13.3,914.7
2026-08-12T21:00:00,Hyderabad,28.7,60.3,0.0,12.6,955.2
2026-08-12T21:00:00,Mumbai,30.3,83.6,0.0,18.9,1009.5
2026-08-12T21:00:00,Delhi,32.0,53.7,0.0,9.6,981.7
2026-08-12T21:00:00,Kolkata,31.3,83.9,0.0,14.7,1006.4
2026-08-12T21:00:00,Pune,25.1,68.0,0.0,13.2,949.6
2026-08-12T22:00:00,Chennai,30.4,84.5,0.0,12.1,1009.2
2026-08-12T22:00:00,Bengaluru,21.3,69.6,0.0,14.0,915.8
2026-08-12T22:00:00,Hyderabad,26.2,65.3,0.0,12.3,955.7
2026-08-12T22:00:00,Mumbai,28.3,88.9,0.0,18.3,1010.9
2026-08-12T22:00:00,Delhi,31.3,54.0,0.0,10.5,982.7
2026-08-12T22:00:00,Kolkata,29.8,84.4,0.0,8.7,1007.6
2026-08-12T22:00:00,Pune,24.8,71.0,0.0,14.9,950.5
2026-08-12T23:00:00,Chennai,7.6,83.7,0.0,13.2,1010.0
2026-08-12T23:00:00,Bengaluru,21.0,98.1,65.8,7.0,916.5
2026-08-12T23:00:00,Hyderabad,25.9,71.8,2.1,6.6,955.9
2026-08-12T23:00:00,Mumbai,28.7,87.7,0.0,13.7,1011.2
2026-08-12T23:00:00,Delhi,30.0,58.9,0.0,9.7,983.6
2026-08-12T23:00:00,Kolkata,29.2,87.5,0.2,10.5,1007.9
2026-08-12T23:00:00,Pune,23.1,74.2,0.0,13.9,951.4
2026-08-13T00:00:00,Chennai,28.2,83.6,0.0,9.9,1010.4
2026-08-13T00:00:00,Bengaluru,19.3,75.0,0.0,12.9,916.9
2026-08-13T00:00:00,Hyderabad,9.1,70.7,0.0,12.1,956.6
2026-08-13T00:00:00,Mumbai,27.6,91.1,0.0,16.3,1011.7
2026-08-13T00:00:00,Delhi,28.1,65.8,0.0,9.2,983.1
2026-08-13T00:00:00,Kolkata,27.2,90.5,0.0,7.9,1008.1
2026-08-13T00:00:00,Pune,23.2,75.9,0.0,12.3,951.8
2026-08-13T01:00:00,Chennai,27.8,86.8,0.0,9.4,1009.9
2026-08-13T01:00:00,Bengaluru,19.3,77.9,0.0,6.6,916.1
2026-08-13T01:00:00,Hyderabad,23.0,72.8,0.0,7.6,955.9
2026-08-13T01:00:00,Mumbai,27.6,89.3,0.0,10.7,1011.2
2026-08-13T01:00:00,Delhi,26.0,63.8,0.0,8.0,983.4
2026-08-13T01:00:00,Kolkata,26.7,93.0,0.0,12.6,1008.0
2026-08-13T01:00:00,Pune,21.2,78.6,3.8,12.4,951.0
2026-08-13T02:00:00,Chennai,26.8,86.7,0.0,10.1,1009.5
2026-08-13T02:00:00,Bengaluru,19.9,80.0,0.0,10.3,915.7
2026-08-13T02:00:00,Hyderabad,24.2,73.3,0.0,11.0,955.7
2026-08-13T02:00:00,Mumbai,27.3,92.6,0.0,12.1,1010.9
2026-08-13T02:00:00,Delhi,25.9,66.4,0.0,6.2,983.0
2026-08-13T02:00:00,Kolkata,28.1,93.0,0.0,9.0,1007.5
2026-08-13T02:00:00,Pune,20.9,82.0,15.6,8.8,951.0
2026-08-13T03:00:00,Chennai,27.1,89.4,0.0,13.9,1008.1
2026-08-13T03:00:00,Bengaluru,20.0,77.2,6.6,8.2,914.8
2026-08-13T03:00:00,Hyderabad,23.6,74.0,0.0,9.2,955.0
2026-08-13T03:00:00,Mumbai,27.0,88.9,0.0,16.9,1010.2
2026-08-13T03:00:00,Delhi,27.6,63.9,0.0,5.8,982.2
2026-08-13T03:00:00,Kolkata,27.8,94.4,28.6,11.6,1007.0
2026-08-13T03:00:00,Pune,20.9,76.8,0.0,12.8,950.1
2026-08-13T04:00:00,Chennai,27.9,86.2,91.1,13.2,1007.9
2026-08-13T04:00:00,Bengaluru,19.8,80.1,0.0,7.0,914.6
2026-08-13T04:00:00,Hyderabad,24.0,73.6,12.8,9.0,954.1
2026-08-13T04:00:00,Mumbai,26.6,87.9,2.9,15.4,1008.8
2026-08-13T04:00:00,Delhi,28.5,65.5,0.0,8.0,981.3
2026-08-13T04:00:00,Kolkata,28.0,93.9,0.0,11.8,1005.4
2026-08-13T04:00:00,Pune,22.7,79.3,2.9,11.0,949.2
2026-08-13T05:00:00,Chennai,29.2,86.3,0.0,12.9,1007.5
2026-08-13T05:00:00,Bengaluru,20.4,72.4,0.0,11.6,913.7
2026-08-13T05:00:00,Hyderabad,25.0,68.7,0.0,6.7,953.6
2026-08-13T05:00:00,Mumbai,28.4,90.9,0.0,17.3,1008.8
2026-08-13T05:00:00,Delhi,28.5,58.3,0.0,7.5,980.3
2026-08-13T05:00:00,Kolkata,28.8,89.4,0.0,11.3,1005.2
2026-08-13T05:00:00,Pune,22.5,72.6,0.0,10.4,948.4
2026-08-13T06:00:00,Chennai,30.5,84.7,0.0,12.9,1006.7
2026-08-13T06:00:00,Bengaluru,22.3,70.5,0.0,10.9,913.7
2026-08-13T06:00:00,Hyderabad,26.6,67.8,0.0,8.0,953.0
2026-08-13T06:00:00,Mumbai,29.3,87.4,0.0,16.9,1008.5
2026-08-13T06:00:00,Delhi,30.3,56.3,0.0,12.4,980.5
2026-08-13T06:00:00,Kolkata,29.4,85.3,0.0,11.5,1005.2
2026-08-13T06:00:00,Pune,25.0,68.7,24.1,10.8,948.9
2026-08-13T07:00:00,Chennai,31.5,77.4,0.0,15.4,1007.4
2026-08-13T07:00:00,Bengaluru,23.1,67.4,0.0,13.7,914.0
2026-08-13T07:00:00,Hyderabad,28.0,62.7,0.0,8.4,954.2
2026-08-13T07:00:00,Mumbai,30.5,84.7,34.7,18.5,1009.0
2026-08-13T07:00:00,Delhi,31.9,49.4,1.3,10.8,980.9
2026-08-13T07:00:00,Kolkata,30.0,85.7,0.0,12.0,1004.8
2026-08-13T07:00:00,Pune,25.3,65.3,0.0,15.3,949.0
2026-08-13T08:00:00,Chennai,32.4,78.3,0.0,14.2,1007.7
2026-08-13T08:00:00,Bengaluru,25.2,59.6,0.0,15.8,914.4
2026-08-13T08:00:00,Hyderabad,30.1,57.4,0.0,14.8,954.6
2026-08-13T08:00:00,Mumbai,30.1,82.3,0.0,13.9,1009.6
2026-08-13T08:00:00,Delhi,35.5,42.3,21.2,11.4,981.6
2026-08-13T08:00:00,Kolkata,31.4,83.0,0.0,13.0,1006.2
2026-08-13T08:00:00,Pune,26.6,66.2,0.0,16.6,948.8
2026-08-13T09:00:00,Chennai,33.5,73.8,0.0,12.1,1008.6
2026-08-13T09:00:00,Bengaluru,25.7,54.9,10.8,10.4,914.7
2026-08-13T09:00:00,Hyderabad,30.9,50.9,0.0,11.2,954.6
2026-08-13T09:00:00,Mumbai,31.4,77.8,11.5,14.4,1010.3
2026-08-13T09:00:00,Delhi,37.0,41.2,0.0,13.9,982.1
2026-08-13T09:00:00,Kolkata,32.7,77.0,24.8,11.9,1006.4
2026-08-13T09:00:00,Pune,28.7,59.8,1.6,12.8,950.4
2026-08-13T10:00:00,Chennai,34.0,69.6,0.0,18.0,1009.0
2026-08-13T10:00:00,Bengaluru,27.2,54.3,22.5,12.5,916.2
2026-08-13T10:00:00,Hyderabad,31.9,50.6,0.0,10.8,955.6
2026-08-13T10:00:00,Mumbai,32.8,75.4,0.0,17.2,1010.5
2026-08-13T10:00:00,Delhi,40.0,31.1,0.0,11.0,982.6
2026-08-13T10:00:00,Kolkata,33.3,73.3,0.0,12.7,1007.2
2026-08-13T10:00:00,Pune,29.9,53.6,0.0,13.5,951.2
2026-08-13T11:00:00,Chennai,34.8,68.8,0.0,18.5,1009.7
2026-08-13T11:00:00,Bengaluru,28.1,47.2,0.0,11.7,915.9
2026-08-13T11:00:00,Hyderabad,33.1,45.6,0.0,14.2,956.6
2026-08-13T11:00:00,Mumbai,32.6,74.6,64.6,21.8,1011.0
2026-08-13T11:00:00,Delhi,41.2,26.8,0.0,13.8,983.5
2026-08-13T11:00:00,Kolkata,33.6,91.3,72.5,15.6,1007.6
2026-08-13T11:00:00,Pune,30.4,55.7,0.0,18.0,950.8
2026-08-13T12:00:00,Chennai,35.0,66.9,0.0,17.6,1009.6
2026-08-13T12:00:00,Bengaluru,28.8,46.8,10.2,14.2,916.3
2026-08-13T12:00:00,Hyderabad,34.2,44.2,0.0,10.9,956.9
2026-08-13T12:00:00,Mumbai,33.3,71.2,0.0,22.1,1011.9
2026-08-13T12:00:00,Delhi,42.8,25.5,0.0,11.9,983.4
2026-08-13T12:00:00,Kolkata,34.1,67.1,29.4,16.1,1008.4
2026-08-13T12:00:00,Pune,32.7,48.4,0.0,16.4,951.3
2026-08-13T13:00:00,Chennai,36.5,61.5,0.0,15.3,1009.9
2026-08-13T13:00:00,Bengaluru,29.3,45.2,27.7,15.4,916.6
2026-08-13T13:00:00,Hyderabad,34.8,39.6,0.0,13.8,956.0
2026-08-13T13:00:00,Mumbai,34.6,75.0,0.0,15.9,1011.5
2026-08-13T13:00:00,Delhi,42.4,23.9,46.4,11.6,983.3
2026-08-13T13:00:00,Kolkata,34.5,69.0,0.0,19.2,1007.8
2026-08-13T13:00:00,Pune,33.3,47.0,0.0,14.1,950.9
2026-08-13T14:00:00,Chennai,36.6,63.6,0.0,20.7,1009.0
2026-08-13T14:00:00,Bengaluru,30.1,45.2,0.9,17.1,915.6
2026-08-13T14:00:00,Hyderabad,36.1,42.5,0.0,12.1,955.4
2026-08-13T14:00:00,Mumbai,34.1,74.8,3.2,17.5,1010.6
2026-08-13T14:00:00,Delhi,43.9,25.0,0.0,14.9,982.3
2026-08-13T14:00:00,Kolkata,34.7,64.5,0.0,15.5,1007.3
2026-08-13T14:00:00,Pune,33.5,46.2,0.0,16.3,950.7
2026-08-13T15:00:00,Chennai,36.3,66.2,0.0,14.9,1008.0
2026-08-13T15:00:00,Bengaluru,28.6,46.6,0.0,14.5,915.1
2026-08-13T15:00:00,Hyderabad,34.8,44.4,0.0,11.1,954.6
2026-08-13T15:00:00,Mumbai,33.1,74.8,15.5,21.7,1009.8
2026-08-13T15:00:00,Delhi,43.4,25.7,0.0,12.7,981.5
2026-08-13T15:00:00,Kolkata,34.8,64.6,17.4,14.9,1006.9
2026-08-13T15:00:00,Pune,31.9,49.0,1.8,17.3,949.6
2026-08-13T16:00:00,Chennai,36.7,65.8,0.0,18.0,1008.1
2026-08-13T16:00:00,Bengaluru,29.4,45.6,0.0,15.4,914.2
2026-08-13T16:00:00,Hyderabad,34.5,42.2,0.0,12.8,954.0
2026-08-13T16:00:00,Mumbai,32.6,76.3,0.0,19.3,1009.5
2026-08-13T16:00:00,Delhi,41.6,26.9,0.0,11.5,981.6
2026-08-13T16:00:00,Kolkata,36.0,96.9,71.3,66.9,978.9
2026-08-13T16:00:00,Pune,30.8,52.2,0.0,19.7,949.3
2026-08-13T17:00:00,Chennai,36.2,69.8,0.0,16.6,1007.0
2026-08-13T17:00:00,Bengaluru,27.5,47.6,0.0,14.8,913.2
2026-08-13T17:00:00,Hyderabad,33.0,48.0,0.0,16.6,954.0
2026-08-13T17:00:00,Mumbai,44.7,29.1,0.0,20.5,1009.0
2026-08-13T17:00:00,Delhi,40.2,28.3,0.0,10.1,980.4
2026-08-13T17:00:00,Kolkata,35.2,71.0,0.0,13.3,1005.7
2026-08-13T17:00:00,Pune,31.5,51.7,0.0,16.7,948.4
2026-08-13T18:00:00,Chennai,33.5,71.4,0.0,19.1,1007.4
2026-08-13T18:00:00,Bengaluru,27.9,50.2,0.0,14.7,913.9
2026-08-13T18:00:00,Hyderabad,32.6,52.6,0.0,10.5,953.7
2026-08-13T18:00:00,Mumbai,31.6,79.3,0.0,15.1,1008.7
2026-08-13T18:00:00,Delhi,39.1,32.6,0.0,10.2,980.1
2026-08-13T18:00:00,Kolkata,32.5,72.3,0.0,16.6,1005.5
2026-08-13T18:00:00,Pune,29.5,56.8,0.0,12.7,948.5
2026-08-13T19:00:00,Chennai,33.5,70.9,0.0,12.3,1007.5
2026-08-13T19:00:00,Bengaluru,26.7,54.8,0.0,11.0,913.6
2026-08-13T19:00:00,Hyderabad,31.8,51.4,0.0,12.9,953.8
2026-08-13T19:00:00,Mumbai,32.3,95.8,76.7,66.1,978.9
2026-08-13T19:00:00,Delhi,36.8,36.9,0.0,10.5,980.8
2026-08-13T19:00:00,Kolkata,43.1,17.6,0.0,16.5,1005.3
2026-08-13T19:00:00,Pune,27.6,62.2,0.0,13.4,948.6
2026-08-13T20:00:00,Chennai,31.2,76.3,0.0,12.3,1008.1
2026-08-13T20:00:00,Bengaluru,24.0,61.8,16.7,10.6,914.0
2026-08-13T20:00:00,Hyderabad,28.7,57.1,0.0,11.8,954.7
2026-08-13T20:00:00,Mumbai,31.2,83.9,0.0,15.9,1009.3
2026-08-13T20:00:00,Delhi,35.8,44.9,0.0,7.6,981.7
2026-08-13T20:00:00,Kolkata,32.3,81.8,25.5,14.7,1005.9
2026-08-13T20:00:00,Pune,28.0,66.8,0.0,16.2,948.9
2026-08-13T21:00:00,Chennai,30.7,82.1,0.0,14.6,1008.8
2026-08-13T21:00:00,Bengaluru,24.0,64.1,0.0,10.9,914.9
2026-08-13T21:00:00,Hyderabad,27.9,64.4,0.0,12.7,955.1
2026-08-13T21:00:00,Mumbai,29.4,82.5,0.0,16.3,1010.3
2026-08-13T21:00:00,Delhi,32.9,48.3,0.0,8.2,982.0
2026-08-13T21:00:00,Kolkata,30.2,83.5,2.8,13.5,1006.0
2026-08-13T21:00:00,Pune,26.0,65.1,16.4,16.0,949.8
2026-08-13T22:00:00,Chennai,30.5,79.1,0.0,15.2,1009.1
2026-08-13T22:00:00,Bengaluru,22.4,68.6,0.0,13.6,915.4
2026-08-13T22:00:00,Hyderabad,27.2,64.6,2.4,9.4,955.9
2026-08-13T22:00:00,Mumbai,29.2,88.6,0.0,17.6,1011.1
2026-08-13T22:00:00,Delhi,30.4,56.0,0.0,6.4,983.1
2026-08-13T22:00:00,Kolkata,28.9,92.7,96.7,14.4,1007.0
2026-08-13T22:00:00,Pune,24.3,72.3,0.0,9.9,950.3
2026-08-13T23:00:00,Chennai,28.2,86.7,33.7,13.0,1009.6
2026-08-13T23:00:00,Bengaluru,21.3,73.4,0.0,9.6,916.0
2026-08-13T23:00:00,Hyderabad,26.0,70.2,0.0,10.6,956.1
2026-08-13T23:00:00,Mumbai,28.6,90.7,0.0,64.4,1011.7
2026-08-13T23:00:00,Delhi,29.2,63.2,0.0,9.9,983.5
2026-08-13T23:00:00,Kolkata,29.4,89.7,0.0,9.4,1007.6
2026-08-13T23:00:00,Pune,23.3,71.7,0.0,15.4,951.8
2026-08-14T00:00:00,Chennai,28.3,85.1,0.0,13.2,1010.0
2026-08-14T00:00:00,Bengaluru,19.8,76.2,0.0,11.0,917.0
2026-08-14T00:00:00,Hyderabad,24.3,70.3,0.0,5.8,956.9
2026-08-14T00:00:00,Mumbai,27.1,88.5,59.4,10.6,1011.5
2026-08-14T00:00:00,Delhi,28.1,64.6,0.0,11.4,983.8
2026-08-14T00:00:00,Kolkata,28.4,93.0,0.0,10.7,1008.4
2026-08-14T00:00:00,Pune,21.6,77.9,0.0,11.8,951.3
2026-08-14T01:00:00,Chennai,28.1,87.9,0.0,14.5,1010.2
2026-08-14T01:00:00,Bengaluru,19.1,77.7,0.0,12.2,916.2
2026-08-14T01:00:00,Hyderabad,23.9,73.2,0.0,5.9,955.9
2026-08-14T01:00:00,Mumbai,27.4,91.5,0.0,11.5,1010.9
2026-08-14T01:00:00,Delhi,26.6,68.5,0.0,5.2,983.8
2026-08-14T01:00:00,Kolkata,28.4,96.4,1.5,8.1,1008.2
2026-08-14T01:00:00,Pune,22.7,77.4,17.8,8.0,951.3
2026-08-14T02:00:00,Chennai,26.8,89.7,0.0,13.5,1008.9
2026-08-14T02:00:00,Bengaluru,19.4,79.9,0.0,6.0,915.8
2026-08-14T02:00:00,Hyderabad,24.3,75.5,13.2,8.7,955.3
2026-08-14T02:00:00,Mumbai,27.8,90.9,1.7,10.7,1010.8
2026-08-14T02:00:00,Delhi,27.4,93.3,51.2,73.0,951.9
2026-08-14T02:00:00,Kolkata,28.3,93.4,23.8,8.6,1007.5
2026-08-14T02:00:00,Pune,20.8,78.2,0.0,12.1,950.3
2026-08-14T03:00:00,Chennai,27.7,84.9,0.0,15.1,1008.7
2026-08-14T03:00:00,Bengaluru,20.0,94.9,35.4,68.7,886.9
2026-08-14T03:00:00,Hyderabad,23.7,74.2,0.0,10.0,954.9
2026-08-14T03:00:00,Mumbai,27.4,90.4,0.0,15.6,1010.0
2026-08-14T03:00:00,Delhi,27.5,69.1,0.0,6.6,981.9
2026-08-14T03:00:00,Kolkata,28.5,94.7,1.7,10.5,1006.2
2026-08-14T03:00:00,Pune,21.8,78.5,15.4,14.2,950.3
2026-08-14T04:00:00,Chennai,28.4,86.1,25.2,15.2,1007.5
2026-08-14T04:00:00,Bengaluru,20.9,76.7,22.9,11.1,914.2
2026-08-14T04:00:00,Hyderabad,23.3,69.7,0.0,9.9,954.1
2026-08-14T04:00:00,Mumbai,27.0,92.1,12.8,13.0,1009.1
2026-08-14T04:00:00,Delhi,28.3,65.2,0.0,7.7,981.2
2026-08-14T04:00:00,Kolkata,27.3,93.5,43.6,14.3,1006.1
2026-08-14T04:00:00,Pune,22.4,76.6,0.0,12.2,949.5
2026-08-14T05:00:00,Chennai,29.6,85.8,0.0,15.1,1007.2
2026-08-14T05:00:00,Bengaluru,20.8,72.1,0.0,11.5,913.2
2026-08-14T05:00:00,Hyderabad,25.7,70.7,0.0,7.4,954.2
2026-08-14T05:00:00,Mumbai,28.4,89.8,0.0,13.9,1008.9
2026-08-14T05:00:00,Delhi,29.3,58.4,0.0,10.7,981.1
2026-08-14T05:00:00,Kolkata,29.5,99.7,75.8,11.2,1005.2
2026-08-14T05:00:00,Pune,22.6,75.5,0.0,58.1,948.4
2026-08-14T06:00:00,Chennai,29.6,79.7,8.0,13.0,1007.2
2026-08-14T06:00:00,Bengaluru,21.0,68.5,0.0,11.7,913.6
2026-08-14T06:00:00,Hyderabad,25.9,67.0,2.5,13.2,953.4
2026-08-14T06:00:00,Mumbai,28.9,87.7,0.0,14.8,1008.7
2026-08-14T06:00:00,Delhi,31.3,54.3,0.0,7.9,980.8
2026-08-14T06:00:00,Kolkata,29.5,88.2,22.7,8.8,1004.7
2026-08-14T06:00:00,Pune,23.5,72.2,0.0,10.3,948.9
2026-08-14T07:00:00,Chennai,31.4,80.4,0.0,11.0,1007.1
2026-08-14T07:00:00,Bengaluru,23.4,68.3,0.0,11.4,913.9
2026-08-14T07:00:00,Hyderabad,27.9,62.3,0.0,7.6,954.1
2026-08-14T07:00:00,Mumbai,29.6,87.1,0.0,13.5,1008.8
2026-08-14T07:00:00,Delhi,32.6,51.3,0.0,12.4,980.7
2026-08-14T07:00:00,Kolkata,31.3,85.2,0.0,11.1,1005.7
2026-08-14T07:00:00,Pune,24.8,67.4,0.0,14.6,948.9
2026-08-14T08:00:00,Chennai,32.7,77.3,14.7,17.5,1007.9
2026-08-14T08:00:00,Bengaluru,24.2,63.0,0.0,15.9,914.4
2026-08-14T08:00:00,Hyderabad,29.9,56.9,0.0,8.8,954.1
2026-08-14T08:00:00,Mumbai,30.8,81.5,47.0,18.2,1009.6
2026-08-14T08:00:00,Delhi,35.0,42.2,0.0,8.0,981.4
2026-08-14T08:00:00,Kolkata,30.8,78.7,0.0,11.8,1006.1
2026-08-14T08:00:00,Pune,27.5,61.2,0.0,16.2,948.9
2026-08-14T09:00:00,Chennai,33.9,74.3,0.0,15.7,1008.2
2026-08-14T09:00:00,Bengaluru,25.4,58.3,0.0,16.3,914.9
2026-08-14T09:00:00,Hyderabad,30.7,54.2,0.0,8.9,954.8
2026-08-14T09:00:00,Mumbai,32.1,81.4,0.0,20.2,1010.2
2026-08-14T09:00:00,Delhi,37.3,39.9,0.0,13.2,982.5
2026-08-14T09:00:00,Kolkata,32.9,74.5,0.0,12.0,1006.5
2026-08-14T09:00:00,Pune,28.5,57.9,0.0,15.4,949.8
2026-08-14T10:00:00,Chennai,33.6,67.9,0.0,14.8,1008.8
2026-08-14T10:00:00,Bengaluru,27.3,52.9,0.0,14.5,915.6
2026-08-14T10:00:00,Hyderabad,31.9,48.1,0.0,10.0,955.8
2026-08-14T10:00:00,Mumbai,31.4,75.3,6.2,16.0,1010.6
2026-08-14T10:00:00,Delhi,39.3,37.0,8.8,14.3,983.2
2026-08-14T10:00:00,Kolkata,34.3,73.7,0.0,15.8,1007.7
2026-08-14T10:00:00,Pune,30.6,59.2,0.0,14.7,950.8
2026-08-14T11:00:00,Chennai,35.8,66.8,34.3,18.7,1009.7
2026-08-14T11:00:00,Bengaluru,28.1,52.0,0.0,12.3,916.8
2026-08-14T11:00:00,Hyderabad,43.9,27.4,0.0,15.5,956.7
2026-08-14T11:00:00,Mumbai,33.5,74.5,0.0,20.8,1010.9
2026-08-14T11:00:00,Delhi,45.6,18.4,0.0,9.6,983.0
2026-08-14T11:00:00,Kolkata,34.1,70.9,0.0,15.2,1007.3
2026-08-14T11:00:00,Pune,31.2,54.1,0.0,17.9,951.4
2026-08-14T12:00:00,Chennai,36.8,63.2,21.7,19.1,1009.8
2026-08-14T12:00:00,Bengaluru,28.6,47.4,6.0,14.9,916.5
2026-08-14T12:00:00,Hyderabad,34.8,46.9,0.0,11.6,956.7
2026-08-14T12:00:00,Mumbai,34.0,72.6,0.0,22.2,1011.6
2026-08-14T12:00:00,Delhi,41.4,26.5,0.0,13.4,983.9
2026-08-14T12:00:00,Kolkata,35.8,66.9,0.0,15.5,1008.1
2026-08-14T12:00:00,Pune,31.2,53.0,0.0,14.5,951.2
2026-08-14T13:00:00,Chennai,37.0,67.0,0.0,20.9,1009.8
2026-08-14T13:00:00,Bengaluru,28.5,42.2,0.0,17.0,916.3
2026-08-14T13:00:00,Hyderabad,35.6,40.1,0.0,15.2,956.7
2026-08-14T13:00:00,Mumbai,34.1,71.2,9.5,20.0,1011.4
2026-08-14T13:00:00,Delhi,42.2,22.2,0.0,11.4,983.5
2026-08-14T13:00:00,Kolkata,34.6,67.9,0.0,19.0,1007.8
2026-08-14T13:00:00,Pune,32.4,47.6,0.0,17.6,951.6
2026-08-14T14:00:00,Chennai,36.6,62.6,0.3,20.2,1008.8
2026-08-14T14:00:00,Bengaluru,28.6,44.5,0.0,14.8,915.8
2026-08-14T14:00:00,Hyderabad,35.6,45.0,0.0,14.3,956.0
2026-08-14T14:00:00,Mumbai,34.5,73.4,0.0,18.0,1010.7
2026-08-14T14:00:00,Delhi,43.5,24.0,0.0,15.9,983.1
2026-08-14T14:00:00,Kolkata,35.5,65.7,0.0,14.3,1007.7
2026-08-14T14:00:00,Pune,33.0,48.9,0.0,16.0,950.5
2026-08-14T15:00:00,Chennai,36.1,61.7,0.0,15.3,1008.9
2026-08-14T15:00:00,Bengaluru,29.2,41.9,0.0,18.8,914.8
2026-08-14T15:00:00,Hyderabad,36.0,44.6,10.6,12.7,955.0
2026-08-14T15:00:00,Mumbai,34.2,74.4,0.0,19.5,1009.9
2026-08-14T15:00:00,Delhi,42.9,26.0,0.0,13.3,982.0
2026-08-14T15:00:00,Kolkata,34.6,64.5,3.7,13.4,1006.6
2026-08-14T15:00:00,Pune,32.7,47.2,0.0,15.0,950.3
2026-08-14T16:00:00,Chennai,35.9,63.9,0.7,14.7,1008.1
2026-08-14T16:00:00,Bengaluru,28.2,47.2,3.6,11.9,914.3
2026-08-14T16:00:00,Hyderabad,35.6,44.7,0.0,14.5,953.8
2026-08-14T16:00:00,Mumbai,33.1,70.9,0.0,18.7,1009.7
2026-08-14T16:00:00,Delhi,43.0,26.6,0.0,15.2,981.6
2026-08-14T16:00:00,Kolkata,34.5,69.2,0.0,15.0,1005.7
2026-08-14T16:00:00,Pune,31.5,48.7,0.0,14.5,949.6
2026-08-14T17:00:00,Chennai,34.5,65.1,23.0,16.5,1007.3
2026-08-14T17:00:00,Bengaluru,27.3,49.2,0.0,12.0,913.8
2026-08-14T17:00:00,Hyderabad,34.3,47.6,7.5,13.8,953.6
2026-08-14T17:00:00,Mumbai,33.6,76.7,0.0,17.8,1008.8
2026-08-14T17:00:00,Delhi,41.4,27.0,0.0,10.1,980.7
2026-08-14T17:00:00,Kolkata,33.9,72.4,0.0,15.0,1004.9
2026-08-14T17:00:00,Pune,31.0,51.1,0.0,12.7,948.9
2026-08-14T18:00:00,Chennai,34.0,67.9,0.0,17.1,1006.8
2026-08-14T18:00:00,Bengaluru,26.7,51.7,0.0,15.3,913.8
2026-08-14T18:00:00,Hyderabad,32.5,49.2,0.0,13.4,953.3
2026-08-14T18:00:00,Mumbai,32.7,78.4,0.0,20.5,1008.7
2026-08-14T18:00:00,Delhi,39.6,32.0,0.0,10.0,980.4
2026-08-14T18:00:00,Kolkata,33.9,74.2,1.7,12.6,1005.5
2026-08-14T18:00:00,Pune,30.6,56.1,0.5,12.4,948.2
2026-08-14T19:00:00,Chennai,34.1,73.6,0.0,15.4,1007.4
2026-08-14T19:00:00,Bengaluru,26.4,58.2,0.0,12.8,913.4
2026-08-14T19:00:00,Hyderabad,30.6,51.1,0.0,13.0,953.7
2026-08-14T19:00:00,Mumbai,30.5,77.8,0.0,13.8,1008.4
2026-08-14T19:00:00,Delhi,36.9,38.7,0.0,11.9,980.7
2026-08-14T19:00:00,Kolkata,31.7,75.1,59.5,16.6,1005.6
2026-08-14T19:00:00,Pune,28.6,58.3,6.3,17.8,948.8
2026-08-14T20:00:00,Chennai,31.1,74.8,0.0,17.6,1008.1
2026-08-14T20:00:00,Bengaluru,25.1,62.4,0.0,13.9,914.7
2026-08-14T20:00:00,Hyderabad,30.0,60.8,0.0,11.2,954.2
2026-08-14T20:00:00,Mumbai,29.7,95.7,50.9,63.2,973.0
2026-08-14T20:00:00,Delhi,34.5,43.7,0.0,9.8,981.5
2026-08-14T20:00:00,Kolkata,30.9,78.9,24.7,11.5,1005.8
2026-08-14T20:00:00,Pune,26.4,65.4,3.1,12.1,949.0
2026-08-14T21:00:00,Chennai,31.5,78.2,46.8,15.7,1008.1
2026-08-14T21:00:00,Bengaluru,22.2,68.8,0.0,14.9,915.3
2026-08-14T21:00:00,Hyderabad,28.7,64.4,14.5,11.2,954.8
2026-08-14T21:00:00,Mumbai,29.4,86.1,0.0,13.1,1010.0
2026-08-14T21:00:00,Delhi,31.9,49.8,0.0,12.2,982.3
2026-08-14T21:00:00,Kolkata,30.5,82.5,0.0,9.3,1006.7
2026-08-14T21:00:00,Pune,25.3,70.1,38.2,11.0,949.8
2026-08-14T22:00:00,Chennai,29.1,81.5,0.0,12.4,1009.5
2026-08-14T22:00:00,Bengaluru,21.9,71.4,0.0,14.4,915.9
2026-08-14T22:00:00,Hyderabad,27.1,66.3,0.0,12.5,955.4
2026-08-14T22:00:00,Mumbai,28.7,84.1,0.0,14.5,1010.4
2026-08-14T22:00:00,Delhi,30.8,54.9,0.0,8.9,982.5
2026-08-14T22:00:00,Kolkata,45.0,20.0,0.0,10.0,1007.0
2026-08-14T22:00:00,Pune,24.4,74.1,24.2,10.8,950.3
2026-08-14T23:00:00,Chennai,28.2,84.9,0.0,13.4,1009.5
2026-08-14T23:00:00,Bengaluru,21.3,74.7,0.0,12.0,916.7
2026-08-14T23:00:00,Hyderabad,25.5,67.2,0.0,7.1,956.6
2026-08-14T23:00:00,Mumbai,28.2,91.2,9.5,11.4,1011.0
2026-08-14T23:00:00,Delhi,28.5,61.4,0.0,6.8,983.2
2026-08-14T23:00:00,Kolkata,28.8,92.7,23.4,10.8,1007.5
2026-08-14T23:00:00,Pune,24.0,75.8,0.8,8.9,951.0
2026-08-15T00:00:00,Chennai,28.2,83.6,4.6,11.2,1010.3
2026-08-15T00:00:00,Bengaluru,20.5,79.9,11.8,8.6,916.2
2026-08-15T00:00:00,Hyderabad,25.0,69.0,0.0,10.0,956.9
2026-08-15T00:00:00,Mumbai,28.4,90.9,0.0,12.3,1011.4
2026-08-15T00:00:00,Delhi,27.0,64.6,0.0,8.8,983.6
2026-08-15T00:00:00,Kolkata,28.3,91.0,0.0,9.8,1008.0
2026-08-15T00:00:00,Pune,22.0,75.5,0.0,10.0,951.0
2026-08-15T01:00:00,Chennai,27.3,87.4,0.0,8.2,1010.2
2026-08-15T01:00:00,Bengaluru,18.7,79.0,5.6,8.2,916.0
2026-08-15T01:00:00,Hyderabad,23.8,72.8,0.0,6.2,956.5
2026-08-15T01:00:00,Mumbai,26.6,91.2,0.0,11.8,1011.6
2026-08-15T01:00:00,Delhi,27.2,65.0,0.0,9.3,983.6
2026-08-15T01:00:00,Kolkata,27.0,92.3,17.5,11.6,1007.9
2026-08-15T01:00:00,Pune,20.7,75.8,3.8,11.3,951.0
2026-08-15T02:00:00,Chennai,28.0,86.4,0.0,9.1,1009.2
2026-08-15T02:00:00,Bengaluru,20.1,83.0,0.0,9.2,916.0
2026-08-15T02:00:00,Hyderabad,24.4,71.3,0.0,10.4,955.3
2026-08-15T02:00:00,Mumbai,27.7,93.9,0.0,15.8,1010.4
2026-08-15T02:00:00,Delhi,27.0,66.7,0.0,9.2,982.3
2026-08-15T02:00:00,Kolkata,27.5,96.9,7.0,10.3,1007.4
2026-08-15T02:00:00,Pune,20.6,81.6,0.0,11.1,950.5
2026-08-15T03:00:00,Chennai,28.4,89.8,0.0,9.6,1008.1
2026-08-15T03:00:00,Bengaluru,19.0,78.0,0.5,6.9,915.3
2026-08-15T03:00:00,Hyderabad,23.7,74.0,1.0,7.7,954.6
2026-08-15T03:00:00,Mumbai,28.0,94.6,0.0,14.5,1009.6
2026-08-15T03:00:00,Delhi,27.4,64.0,0.0,5.7,982.5
2026-08-15T03:00:00,Kolkata,28.2,93.2,0.0,8.5,1006.7
2026-08-15T03:00:00,Pune,22.5,78.4,0.0,10.7,949.8
2026-08-15T04:00:00,Chennai,27.5,85.5,0.0,13.5,1007.5
2026-08-15T04:00:00,Bengaluru,20.3,75.0,5.5,7.5,914.0
2026-08-15T04:00:00,Hyderabad,24.6,71.1,0.0,54.3,953.8
2026-08-15T04:00:00,Mumbai,27.8,90.9,0.0,13.1,1009.3
2026-08-15T04:00:00,Delhi,27.9,63.0,0.0,8.9,980.9
2026-08-15T04:00:00,Kolkata,28.7,89.9,0.0,13.5,1005.5
2026-08-15T04:00:00,Pune,22.4,79.0,0.0,12.5,949.3
2026-08-15T05:00:00,Chennai,28.6,85.1,10.1,9.4,1007.6
2026-08-15T05:00:00,Bengaluru,20.1,76.5,0.0,7.3,913.8
2026-08-15T05:00:00,Hyderabad,25.0,70.6,0.7,11.6,953.5
2026-08-15T05:00:00,Mumbai,28.9,91.8,0.0,11.6,1008.9
2026-08-15T05:00:00,Delhi,29.0,59.0,0.0,9.3,980.4
2026-08-15T05:00:00,Kolkata,27.9,90.7,0.0,10.4,1005.2
2026-08-15T05:00:00,Pune,22.4,72.7,77.5,11.2,948.5
2026-08-15T06:00:00,Chennai,29.5,80.9,0.0,16.4,1006.8
2026-08-15T06:00:00,Bengaluru,21.9,72.4,17.4,11.8,913.6
2026-08-15T06:00:00,Hyderabad,26.0,68.8,0.0,9.6,953.4
2026-08-15T06:00:00,Mumbai,28.9,87.1,6.3,18.5,1008.3
2026-08-15T06:00:00,Delhi,29.8,57.9,0.0,10.3,980.3
2026-08-15T06:00:00,Kolkata,30.4,84.9,8.2,8.8,1004.9
2026-08-15T06:00:00,Pune,23.7,73.4,0.0,9.6,948.4
2026-08-15T07:00:00,Chennai,31.3,80.9,0.0,11.4,1007.5
2026-08-15T07:00:00,Bengaluru,24.0,67.2,0.0,10.3,913.9
2026-08-15T07:00:00,Hyderabad,27.1,63.8,0.0,9.7,954.0
2026-08-15T07:00:00,Mumbai,30.3,82.9,37.6,16.8,1008.8
2026-08-15T07:00:00,Delhi,32.4,47.9,0.0,10.0,980.4
2026-08-15T07:00:00,Kolkata,29.6,85.0,0.0,12.0,1005.1
2026-08-15T07:00:00,Pune,25.0,66.6,10.2,12.5,948.3
2026-08-15T08:00:00,Chennai,31.8,73.5,2.2,53.6,1008.0
2026-08-15T08:00:00,Bengaluru,24.6,62.4,3.7,16.0,914.3
2026-08-15T08:00:00,Hyderabad,29.9,58.5,0.0,8.8,954.2
2026-08-15T08:00:00,Mumbai,30.2,82.9,43.1,18.4,1008.9
2026-08-15T08:00:00,Delhi,35.2,44.6,0.0,13.5,981.0
2026-08-15T08:00:00,Kolkata,32.0,77.5,0.0,15.2,1005.5
2026-08-15T08:00:00,Pune,27.7,62.7,0.0,12.9,949.6
2026-08-15T09:00:00,Chennai,32.8,74.3,0.0,13.3,1008.5
2026-08-15T09:00:00,Bengaluru,26.0,60.3,0.0,14.6,915.2
2026-08-15T09:00:00,Hyderabad,31.1,52.4,0.0,9.2,954.7
2026-08-15T09:00:00,Mumbai,31.3,82.1,0.0,14.2,1010.2
2026-08-15T09:00:00,Delhi,36.9,37.0,0.0,9.8,982.4
2026-08-15T09:00:00,Kolkata,32.6,77.6,0.0,17.1,1006.5
2026-08-15T09:00:00,Pune,27.8,62.9,30.7,15.2,950.2
2026-08-15T10:00:00,Chennai,34.2,71.5,0.0,12.6,1009.4
2026-08-15T10:00:00,Bengaluru,28.0,55.9,5.9,12.4,915.3
2026-08-15T10:00:00,Hyderabad,33.5,52.7,0.0,16.1,955.5
2026-08-15T10:00:00,Mumbai,31.5,78.4,0.0,18.1,1010.9
2026-08-15T10:00:00,Delhi,39.1,34.4,0.0,11.5,982.6
2026-08-15T10:00:00,Kolkata,32.8,73.9,2.7,15.6,1007.4
2026-08-15T10:00:00,Pune,30.5,59.0,0.0,15.0,951.2
2026-08-15T11:00:00,Chennai,35.3,65.5,0.0,13.6,1009.8
2026-08-15T11:00:00,Bengaluru,28.7,47.1,0.0,11.3,916.1
2026-08-15T11:00:00,Hyderabad,33.3,48.2,0.0,15.9,956.4
2026-08-15T11:00:00,Mumbai,32.4,72.7,0.0,15.3,1011.8
2026-08-15T11:00:00,Delhi,41.2,30.0,12.1,10.7,982.8
2026-08-15T11:00:00,Kolkata,35.0,69.9,0.0,16.7,1007.5
2026-08-15T11:00:00,Pune,30.2,51.8,0.0,15.5,951.8
2026-08-15T12:00:00,Chennai,35.3,66.6,46.4,15.0,1009.7
2026-08-15T12:00:00,Bengaluru,29.1,47.5,0.0,17.7,916.9
2026-08-15T12:00:00,Hyderabad,34.9,46.1,0.0,15.6,956.4
2026-08-15T12:00:00,Mumbai,33.6,74.2,15.3,20.5,1011.0
2026-08-15T12:00:00,Delhi,43.1,24.4,3.9,13.4,984.0
2026-08-15T12:00:00,Kolkata,35.9,66.0,0.0,15.7,1008.4
2026-08-15T12:00:00,Pune,31.1,49.8,0.0,19.5,951.7
2026-08-15T13:00:00,Chennai,36.6,62.0,0.0,17.4,1009.5
2026-08-15T13:00:00,Bengaluru,29.4,44.0,0.0,14.2,915.8
2026-08-15T13:00:00,Hyderabad,36.1,44.8,0.0,11.5,956.1
2026-08-15T13:00:00,Mumbai,33.2,73.7,0.0,16.5,1011.5
2026-08-15T13:00:00,Delhi,43.6,25.1,0.0,16.7,983.4
2026-08-15T13:00:00,Kolkata,34.5,64.5,0.0,15.2,1008.2
2026-08-15T13:00:00,Pune,31.6,51.1,0.0,13.8,951.1
2026-08-15T14:00:00,Chennai,36.1,62.1,21.7,20.3,1009.7
2026-08-15T14:00:00,Bengaluru,29.5,92.6,53.5,64.5,881.2
2026-08-15T14:00:00,Hyderabad,35.0,42.3,0.0,15.3,955.8
2026-08-15T14:00:00,Mumbai,33.3,72.9,0.0,55.4,1011.1
2026-08-15T14:00:00,Delhi,42.6,22.5,0.0,11.2,982.9
2026-08-15T14:00:00,Kolkata,35.7,67.7,0.0,14.2,1007.2
2026-08-15T14:00:00,Pune,31.7,47.8,6.7,16.1,950.6
2026-08-15T15:00:00,Chennai,35.9,62.2,0.0,18.8,1008.3
2026-08-15T15:00:00,Bengaluru,29.7,45.3,0.0,12.7,915.2
2026-08-15T15:00:00,Hyderabad,35.3,43.7,0.0,17.4,955.5
2026-08-15T15:00:00,Mumbai,33.5,72.5,20.7,22.9,1009.9
2026-08-15T15:00:00,Delhi,43.5,23.7,0.0,11.2,982.1
2026-08-15T15:00:00,Kolkata,34.4,63.6,0.0,17.3,1006.1
2026-08-15T15:00:00,Pune,33.3,49.0,0.0,15.7,950.1
2026-08-15T16:00:00,Chennai,35.3,91.1,99.5,19.1,1007.6
2026-08-15T16:00:00,Bengaluru,28.6,46.8,21.5,18.3,914.6
2026-08-15T16:00:00,Hyderabad,34.7,44.0,6.2,10.8,953.9
2026-08-15T16:00:00,Mumbai,34.3,73.1,18.4,21.3,1009.7
2026-08-15T16:00:00,Delhi,42.7,26.3,0.0,9.7,981.3
2026-08-15T16:00:00,Kolkata,35.6,65.3,8.5,13.6,1006.1
2026-08-15T16:00:00,Pune,31.1,51.6,0.0,14.4,948.9
2026-08-15T17:00:00,Chennai,35.9,68.8,0.0,15.0,1006.8
2026-08-15T17:00:00,Bengaluru,28.7,48.1,0.0,14.8,913.4
2026-08-15T17:00:00,Hyderabad,33.1,95.7,68.0,73.5,927.1
2026-08-15T17:00:00,Mumbai,32.3,77.2,0.0,20.9,1009.1
2026-08-15T17:00:00,Delhi,41.5,29.2,21.5,14.1,980.7
2026-08-15T17:00:00,Kolkata,34.5,67.6,0.0,15.4,1004.7
2026-08-15T17:00:00,Pune,30.5,53.9,0.0,14.8,949.1
2026-08-15T18:00:00,Chennai,33.8,68.9,4.8,15.6,1006.6
2026-08-15T18:00:00,Bengaluru,27.2,93.2,60.8,71.1,875.9
2026-08-15T18:00:00,Hyderabad,33.3,50.2,0.0,9.9,953.0
2026-08-15T18:00:00,Mumbai,7.4,74.5,0.0,17.2,1008.7
2026-08-15T18:00:00,Delhi,39.9,35.3,0.0,13.2,980.5
2026-08-15T18:00:00,Kolkata,33.4,70.8,0.0,17.2,1005.4
2026-08-15T18:00:00,Pune,30.1,57.8,23.7,15.3,948.2
2026-08-15T19:00:00,Chennai,34.0,72.2,0.0,16.7,1007.4
2026-08-15T19:00:00,Bengaluru,25.7,54.5,0.0,13.1,913.6
2026-08-15T19:00:00,Hyderabad,31.6,54.5,0.0,9.7,953.3
2026-08-15T19:00:00,Mumbai,31.1,80.3,0.0,19.3,1008.7
2026-08-15T19:00:00,Delhi,37.4,39.6,0.0,14.6,980.6
2026-08-15T19:00:00,Kolkata,32.7,78.1,0.0,13.8,1005.5
2026-08-15T19:00:00,Pune,28.7,57.6,0.0,17.8,948.8
2026-08-15T20:00:00,Chennai,31.9,76.3,0.0,16.8,1007.4
2026-08-15T20:00:00,Bengaluru,23.7,63.9,0.0,14.4,914.1
2026-08-15T20:00:00,Hyderabad,28.7,59.9,0.0,14.2,954.7
2026-08-15T20:00:00,Mumbai,29.8,97.6,48.5,72.5,981.9
2026-08-15T20:00:00,Delhi,35.8,47.6,0.0,12.0,981.7
2026-08-15T20:00:00,Kolkata,31.7,80.1,41.6,15.9,1006.1
2026-08-15T20:00:00,Pune,26.0,64.4,0.0,17.4,948.9
2026-08-15T21:00:00,Chennai,7.0,79.6,0.0,14.6,1008.7
2026-08-15T21:00:00,Bengaluru,23.2,64.8,0.0,10.9,915.4
2026-08-15T21:00:00,Hyderabad,28.9,63.2,12.8,8.2,954.6
2026-08-15T21:00:00,Mumbai,29.5,87.5,0.0,12.8,1010.1
2026-08-15T21:00:00,Delhi,33.4,51.3,0.0,9.2,981.7
2026-08-15T21:00:00,Kolkata,30.4,82.8,0.0,10.5,1006.6
2026-08-15T21:00:00,Pune,25.0,67.9,0.0,12.6,950.0
2026-08-15T22:00:00,Chennai,29.9,83.2,0.0,10.3,1009.2
2026-08-15T22:00:00,Bengaluru,22.5,73.9,0.0,14.4,916.0
2026-08-15T22:00:00,Hyderabad,27.3,63.5,0.0,9.8,956.0
2026-08-15T22:00:00,Mumbai,29.0,88.8,37.7,13.7,1010.3
2026-08-15T22:00:00,Delhi,30.8,55.8,0.0,10.6,982.7
2026-08-15T22:00:00,Kolkata,29.1,84.2,0.0,15.0,1007.5
2026-08-15T22:00:00,Pune,23.4,71.3,0.0,10.2,950.3
2026-08-15T23:00:00,Chennai,29.1,83.2,0.0,9.5,1009.8
2026-08-15T23:00:00,Bengaluru,20.2,73.4,2.3,12.9,915.8
2026-08-15T23:00:00,Hyderabad,24.6,69.0,0.0,11.5,956.1
2026-08-15T23:00:00,Mumbai,28.6,91.2,67.9,13.3,1010.9
2026-08-15T23:00:00,Delhi,29.0,63.5,0.0,10.3,983.0
2026-08-15T23:00:00,Kolkata,28.1,91.3,0.0,10.3,1007.9
2026-08-15T23:00:00,Pune,22.4,74.0,0.0,10.5,951.5
2026-08-16T00:00:00,Chennai,27.9,87.6,0.0,11.7,1009.6
2026-08-16T00:00:00,Bengaluru,43.4,23.0,0.0,11.2,917.0
2026-08-16T00:00:00,Hyderabad,25.0,72.5,0.0,10.0,956.3
2026-08-16T00:00:00,Mumbai,27.0,91.2,27.9,13.6,1011.7
2026-08-16T00:00:00,Delhi,27.7,65.1,0.0,11.4,983.3
2026-08-16T00:00:00,Kolkata,27.9,92.3,0.0,12.2,1007.9
2026-08-16T00:00:00,Pune,21.3,77.7,0.0,8.3,951.6
2026-08-16T01:00:00,Chennai,27.9,85.3,0.0,14.8,1009.4
2026-08-16T01:00:00,Bengaluru,20.2,80.3,2.4,11.7,916.0
2026-08-16T01:00:00,Hyderabad,24.0,70.9,0.0,8.3,956.8
2026-08-16T01:00:00,Mumbai,27.5,93.3,1.6,11.9,1011.6
2026-08-16T01:00:00,Delhi,27.8,64.8,31.1,9.8,983.0
2026-08-16T01:00:00,Kolkata,27.4,94.4,0.0,7.9,1007.8
2026-08-16T01:00:00,Pune,20.9,78.1,15.6,9.4,950.8
2026-08-16T02:00:00,Chennai,26.5,88.0,7.4,12.6,1008.8
2026-08-16T02:00:00,Bengaluru,19.2,79.3,0.0,6.0,916.0
2026-08-16T02:00:00,Hyderabad,23.3,75.4,0.0,10.7,955.3
2026-08-16T02:00:00,Mumbai,27.4,93.7,0.0,10.8,1010.8
2026-08-16T02:00:00,Delhi,26.1,64.3,0.0,11.0,982.9
2026-08-16T02:00:00,Kolkata,27.2,96.0,14.6,12.3,1007.0
2026-08-16T02:00:00,Pune,21.8,77.8,0.0,10.2,950.4
2026-08-16T03:00:00,Chennai,28.4,87.2,84.3,9.4,1008.0
2026-08-16T03:00:00,Bengaluru,19.4,81.1,0.0,10.6,915.0
2026-08-16T03:00:00,Hyderabad,24.6,70.6,0.0,7.5,954.8
2026-08-16T03:00:00,Mumbai,26.5,92.6,0.0,13.8,1010.4
2026-08-16T03:00:00,Delhi,27.3,64.6,0.0,4.6,982.2
2026-08-16T03:00:00,Kolkata,28.5,91.0,101.9,8.8,1006.6
2026-08-16T03:00:00,Pune,22.4,75.9,0.0,13.3,949.6
2026-08-16T04:00:00,Chennai,27.2,84.6,0.0,10.8,1008.1
2026-08-16T04:00:00,Bengaluru,19.4,78.7,0.0,10.2,914.1
2026-08-16T04:00:00,Hyderabad,23.4,69.9,0.0,5.8,954.0
2026-08-16T04:00:00,Mumbai,27.2,88.7,39.1,12.1,1009.3
2026-08-16T04:00:00,Delhi,27.4,62.0,20.8,10.6,980.8
2026-08-16T04:00:00,Kolkata,28.2,90.8,0.0,12.3,1006.0
2026-08-16T04:00:00,Pune,21.5,75.6,14.1,11.1,949.0
2026-08-16T05:00:00,Chennai,29.3,85.2,0.0,9.5,1007.5
2026-08-16T05:00:00,Bengaluru,21.1,72.9,0.0,13.8,914.2
2026-08-16T05:00:00,Hyderabad,26.2,69.4,0.0,9.1,953.8
2026-08-16T05:00:00,Mumbai,27.3,94.0,64.0,55.9,974.9
2026-08-16T05:00:00,Delhi,28.7,62.4,0.0,10.2,980.2
2026-08-16T05:00:00,Kolkata,28.0,91.6,0.0,11.3,1004.8
2026-08-16T05:00:00,Pune,23.3,73.6,0.0,9.8,948.9
2026-08-16T06:00:00,Chennai,29.4,79.6,0.0,14.7,1007.4
2026-08-16T06:00:00,Bengaluru,21.9,70.9,0.0,13.7,913.1
2026-08-16T06:00:00,Hyderabad,26.3,63.8,0.0,11.5,953.6
2026-08-16T06:00:00,Mumbai,28.0,88.2,0.0,11.9,1008.1
2026-08-16T06:00:00,Delhi,30.1,55.1,0.0,11.7,980.6
2026-08-16T06:00:00,Kolkata,29.7,85.0,35.0,15.3,1005.4
2026-08-16T06:00:00,Pune,25.2,72.0,0.0,14.9,948.3
2026-08-16T07:00:00,Chennai,30.3,78.1,0.0,14.3,1007.6
2026-08-16T07:00:00,Bengaluru,23.4,63.7,0.0,15.1,913.2
2026-08-16T07:00:00,Hyderabad,27.0,62.3,0.0,10.6,954.0
2026-08-16T07:00:00,Mumbai,29.1,84.9,0.0,12.3,1008.9
2026-08-16T07:00:00,Delhi,32.4,51.6,0.0,6.9,980.7
2026-08-16T07:00:00,Kolkata,31.2,85.1,0.0,9.4,1005.2
2026-08-16T07:00:00,Pune,25.4,69.6,0.0,12.3,948.7
2026-08-16T08:00:00,Chennai,31.1,78.4,0.0,13.3,1007.3
2026-08-16T08:00:00,Bengaluru,25.4,62.3,25.5,14.6,914.5
2026-08-16T08:00:00,Hyderabad,28.6,60.7,4.6,12.7,954.6
2026-08-16T08:00:00,Mumbai,30.2,80.1,0.0,16.9,1008.8
2026-08-16T08:00:00,Delhi,36.0,43.4,0.0,7.8,981.2
2026-08-16T08:00:00,Kolkata,32.4,78.3,0.0,15.2,1005.5
2026-08-16T08:00:00,Pune,27.4,62.7,0.0,10.9,949.1
2026-08-16T09:00:00,Chennai,32.4,74.2,0.0,16.5,1008.5
2026-08-16T09:00:00,Bengaluru,26.4,60.0,26.7,15.4,915.4
2026-08-16T09:00:00,Hyderabad,30.2,56.2,3.2,10.8,955.5
2026-08-16T09:00:00,Mumbai,31.4,81.7,87.3,17.4,1010.1
2026-08-16T09:00:00,Delhi,36.5,38.4,0.0,10.9,982.1
2026-08-16T09:00:00,Kolkata,33.3,74.8,0.0,17.4,1006.6
2026-08-16T09:00:00,Pune,28.7,59.1,0.0,15.4,950.2
2026-08-16T10:00:00,Chennai,33.9,67.8,0.0,18.0,1008.9
2026-08-16T10:00:00,Bengaluru,27.9,54.6,0.0,10.8,915.6
2026-08-16T10:00:00,Hyderabad,33.3,51.3,0.0,11.5,956.2
2026-08-16T10:00:00,Mumbai,32.6,74.9,3.4,16.2,1010.3
2026-08-16T10:00:00,Delhi,38.6,34.4,0.0,8.7,982.6
2026-08-16T10:00:00,Kolkata,33.6,71.0,0.0,13.6,1007.7
2026-08-16T10:00:00,Pune,29.0,56.2,0.0,14.2,950.3
2026-08-16T11:00:00,Chennai,34.8,68.7,0.0,16.4,1009.6
2026-08-16T11:00:00,Bengaluru,28.2,47.2,0.0,15.1,916.7
2026-08-16T11:00:00,Hyderabad,34.2,49.1,0.0,11.1,956.3
2026-08-16T11:00:00,Mumbai,33.7,74.6,0.0,15.8,1010.9
2026-08-16T11:00:00,Delhi,40.5,32.1,0.0,11.1,982.8
2026-08-16T11:00:00,Kolkata,34.7,67.6,16.7,15.7,1007.5
2026-08-16T11:00:00,Pune,31.7,52.6,0.0,13.7,951.7
2026-08-16T12:00:00,Chennai,35.5,64.7,19.5,20.4,1010.4
2026-08-16T12:00:00,Bengaluru,29.8,48.2,0.0,13.6,916.8
2026-08-16T12:00:00,Hyderabad,35.5,42.0,0.0,14.7,956.1
2026-08-16T12:00:00,Mumbai,34.3,76.3,0.0,16.1,1012.0
2026-08-16T12:00:00,Delhi,42.2,28.4,0.0,12.5,983.6
2026-08-16T12:00:00,Kolkata,34.2,66.0,31.5,15.3,1008.1
2026-08-16T12:00:00,Pune,31.4,51.4,3.7,16.3,951.0
2026-08-16T13:00:00,Chennai,37.0,64.2,0.0,18.5,1010.2
2026-08-16T13:00:00,Bengaluru,29.7,43.1,0.0,12.7,916.1
2026-08-16T13:00:00,Hyderabad,35.8,43.0,0.0,14.9,956.7
2026-08-16T13:00:00,Mumbai,34.3,70.1,0.0,19.5,1011.4
2026-08-16T13:00:00,Delhi,42.3,22.7,0.0,16.0,982.9
2026-08-16T13:00:00,Kolkata,35.2,68.9,0.0,15.4,1007.6
2026-08-16T13:00:00,Pune,32.3,51.1,0.0,14.7,950.9
2026-08-16T14:00:00,Chennai,37.2,66.0,0.0,18.8,1009.1
2026-08-16T14:00:00,Bengaluru,28.7,44.5,0.0,17.8,915.3
2026-08-16T14:00:00,Hyderabad,35.5,41.0,2.5,17.4,955.4
2026-08-16T14:00:00,Mumbai,34.8,72.7,0.0,21.8,1010.8
2026-08-16T14:00:00,Delhi,44.0,20.7,0.0,13.2,982.3
2026-08-16T14:00:00,Kolkata,35.5,64.9,0.0,15.5,1007.6
2026-08-16T14:00:00,Pune,33.0,48.1,0.0,18.5,950.3
2026-08-16T15:00:00,Chennai,37.1,62.3,1.2,15.5,1008.1
2026-08-16T15:00:00,Bengaluru,29.9,42.1,1.4,17.3,915.3
2026-08-16T15:00:00,Hyderabad,35.3,39.9,11.0,11.7,954.8
2026-08-16T15:00:00,Mumbai,34.4,74.9,10.8,17.3,1010.4
2026-08-16T15:00:00,Delhi,43.9,26.4,0.0,16.5,981.8
2026-08-16T15:00:00,Kolkata,35.8,64.9,0.0,16.9,1006.1
2026-08-16T15:00:00,Pune,47.2,28.8,0.0,15.4,950.4
2026-08-16T16:00:00,Chennai,35.8,66.8,27.0,14.9,1007.9
2026-08-16T16:00:00,Bengaluru,28.7,46.5,0.0,14.5,914.5
2026-08-16T16:00:00,Hyderabad,34.7,44.1,0.0,13.1,954.0
2026-08-16T16:00:00,Mumbai,33.5,72.6,0.0,18.8,1009.5
2026-08-16T16:00:00,Delhi,41.8,25.4,0.0,16.5,981.2
2026-08-16T16:00:00,Kolkata,35.6,70.5,0.0,15.2,1005.3
2026-08-16T16:00:00,Pune,31.6,51.1,0.0,17.8,948.9
2026-08-16T17:00:00,Chennai,36.1,69.0,0.0,19.4,1006.9
2026-08-16T17:00:00,Bengaluru,27.4,51.3,0.0,14.0,913.4
2026-08-16T17:00:00,Hyderabad,34.3,48.3,0.0,14.3,954.0
2026-08-16T17:00:00,Mumbai,32.7,75.9,0.0,21.8,1009.2
2026-08-16T17:00:00,Delhi,40.9,27.2,0.0,12.5,980.4
2026-08-16T17:00:00,Kolkata,34.8,96.2,71.9,15.6,1004.7
2026-08-16T17:00:00,Pune,30.0,54.9,13.0,18.0,949.0
2026-08-16T18:00:00,Chennai,33.8,69.1,0.0,18.5,1007.0
2026-08-16T18:00:00,Bengaluru,4.2,55.5,0.0,13.2,913.3
2026-08-16T18:00:00,Hyderabad,32.8,51.7,0.0,15.7,953.2
2026-08-16T18:00:00,Mumbai,32.0,78.6,0.0,18.5,1008.5
2026-08-16T18:00:00,Delhi,39.2,34.4,0.0,9.6,980.1
2026-08-16T18:00:00,Kolkata,33.3,74.1,16.1,16.9,1004.8
2026-08-16T18:00:00,Pune,29.5,58.4,0.0,16.1,948.8
2026-08-16T19:00:00,Chennai,33.0,75.8,4.0,14.7,1006.8
2026-08-16T19:00:00,Bengaluru,25.0,58.5,9.3,15.9,913.3
2026-08-16T19:00:00,Hyderabad,47.4,20.7,0.0,12.4,953.6
2026-08-16T19:00:00,Mumbai,31.6,81.3,17.5,14.5,1008.9
2026-08-16T19:00:00,Delhi,36.9,40.0,0.0,10.3,980.6
2026-08-16T19:00:00,Kolkata,33.1,78.4,100.4,14.5,1005.0
2026-08-16T19:00:00,Pune,27.9,61.6,4.9,11.9,949.0
2026-08-16T20:00:00,Chennai,32.6,75.9,0.0,12.5,1008.0
2026-08-16T20:00:00,Bengaluru,25.1,61.6,0.0,12.8,914.0
2026-08-16T20:00:00,Hyderabad,29.4,59.6,0.0,9.3,953.8
2026-08-16T20:00:00,Mumbai,30.7,80.3,0.0,19.7,1009.5
2026-08-16T20:00:00,Delhi,35.1,45.7,0.0,12.4,981.2
2026-08-16T20:00:00,Kolkata,31.5,79.2,0.0,11.0,1005.4
2026-08-16T20:00:00,Pune,26.9,62.9,6.4,16.3,948.8
2026-08-16T21:00:00,Chennai,31.1,77.6,3.2,14.4,1008.4
2026-08-16T21:00:00,Bengaluru,23.9,66.4,0.0,12.1,914.9
2026-08-16T21:00:00,Hyderabad,27.3,97.5,67.5,55.8,920.3
2026-08-16T21:00:00,Mumbai,30.4,98.9,95.2,14.3,1009.6
2026-08-16T21:00:00,Delhi,33.5,52.8,0.0,7.9,982.1
2026-08-16T21:00:00,Kolkata,30.8,84.1,0.0,14.6,1006.5
2026-08-16T21:00:00,Pune,25.8,69.5,0.0,11.9,950.3
2026-08-16T22:00:00,Chennai,30.2,84.6,4.8,11.0,1008.9
2026-08-16T22:00:00,Bengaluru,22.7,68.3,9.5,11.2,915.9
2026-08-16T22:00:00,Hyderabad,26.0,64.7,0.0,12.0,955.4
2026-08-16T22:00:00,Mumbai,28.4,87.9,0.0,17.8,1010.3
2026-08-16T22:00:00,Delhi,29.9,58.5,0.0,10.2,982.5
2026-08-16T22:00:00,Kolkata,29.9,89.4,10.5,13.3,1007.3
2026-08-16T22:00:00,Pune,25.2,95.1,42.2,72.2,920.5
2026-08-16T23:00:00,Chennai,29.4,85.4,22.7,14.4,1009.6
2026-08-16T23:00:00,Bengaluru,21.4,77.3,0.0,9.2,916.2
2026-08-16T23:00:00,Hyderabad,24.6,67.9,0.0,6.3,956.2
2026-08-16T23:00:00,Mumbai,27.7,90.2,14.6,16.2,1011.4
2026-08-16T23:00:00,Delhi,28.0,58.8,2.3,7.0,983.4
2026-08-16T23:00:00,Kolkata,29.2,90.8,0.0,8.8,1007.9
2026-08-16T23:00:00,Pune,23.0,76.8,0.0,9.3,951.0
2026-08-17T00:00:00,Chennai,27.7,83.9,0.0,11.0,1009.9
2026-08-17T00:00:00,Bengaluru,20.3,74.7,0.0,6.6,916.6
2026-08-17T00:00:00,Hyderabad,23.5,71.6,9.6,7.2,956.9
2026-08-17T00:00:00,Mumbai,26.8,93.4,18.7,11.6,1011.6
2026-08-17T00:00:00,Delhi,28.5,66.0,0.0,7.9,983.2
2026-08-17T00:00:00,Kolkata,28.7,90.7,0.0,12.6,1007.9
2026-08-17T00:00:00,Pune,21.7,78.9,18.9,13.0,951.2
2026-08-17T01:00:00,Chennai,4.5,86.0,0.0,11.3,1009.5
2026-08-17T01:00:00,Bengaluru,20.4,82.2,0.0,8.9,916.0
2026-08-17T01:00:00,Hyderabad,23.9,70.9,0.0,9.0,955.9
2026-08-17T01:00:00,Mumbai,26.8,92.3,0.0,14.8,1011.6
2026-08-17T01:00:00,Delhi,25.8,66.3,0.0,6.8,983.8
2026-08-17T01:00:00,Kolkata,28.4,90.8,0.0,8.4,1007.5
2026-08-17T01:00:00,Pune,21.6,76.0,4.5,12.6,951.2
2026-08-17T02:00:00,Chennai,27.5,90.8,0.0,10.0,1009.1
2026-08-17T02:00:00,Bengaluru,19.0,82.0,0.0,12.5,915.8
2026-08-17T02:00:00,Hyderabad,24.0,73.9,0.0,11.7,955.8
2026-08-17T02:00:00,Mumbai,26.9,90.1,0.0,10.4,1010.4
2026-08-17T02:00:00,Delhi,26.4,64.7,0.0,10.3,982.7
2026-08-17T02:00:00,Kolkata,27.6,93.7,7.7,7.8,1007.5
2026-08-17T02:00:00,Pune,21.1,81.0,0.0,12.7,951.1
2026-08-17T03:00:00,Chennai,27.1,90.6,38.0,8.1,1008.8
2026-08-17T03:00:00,Bengaluru,19.7,77.0,0.0,8.4,914.8
2026-08-17T03:00:00,Hyderabad,23.5,76.0,6.2,5.8,954.8
2026-08-17T03:00:00,Mumbai,27.1,92.4,1.1,12.0,1010.2
2026-08-17T03:00:00,Delhi,26.7,68.9,0.0,11.1,982.4
2026-08-17T03:00:00,Kolkata,28.4,95.3,0.0,9.1,1006.8
2026-08-17T03:00:00,Pune,21.9,76.0,0.0,9.4,949.7
2026-08-17T04:00:00,Chennai,27.1,84.6,0.0,11.1,1007.7
2026-08-17T04:00:00,Bengaluru,19.5,76.4,0.0,12.0,914.5
2026-08-17T04:00:00,Hyderabad,24.5,71.0,5.9,6.1,954.1
2026-08-17T04:00:00,Mumbai,27.0,91.3,5.2,11.0,1009.2
2026-08-17T04:00:00,Delhi,26.8,64.1,0.0,11.2,981.4
2026-08-17T04:00:00,Kolkata,28.9,92.3,0.0,11.9,1005.3
2026-08-17T04:00:00,Pune,22.8,75.8,0.0,14.8,949.4
2026-08-17T05:00:00,Chennai,28.7,84.9,0.0,12.7,1007.6
2026-08-17T05:00:00,Bengaluru,20.8,74.5,0.0,11.9,914.0
2026-08-17T05:00:00,Hyderabad,25.8,66.4,0.0,11.1,953.7
2026-08-17T05:00:00,Mumbai,27.1,88.6,0.0,15.8,1008.5
2026-08-17T05:00:00,Delhi,28.9,62.4,0.0,7.3,981.1
2026-08-17T05:00:00,Kolkata,27.8,92.8,0.0,9.7,1005.4
2026-08-17T05:00:00,Pune,22.9,71.7,0.0,63.1,948.7
2026-08-17T06:00:00,Chennai,30.4,82.7,0.0,14.3,1007.5
2026-08-17T06:00:00,Bengaluru,21.2,68.8,0.0,8.8,913.8
2026-08-17T06:00:00,Hyderabad,25.6,65.9,0.0,7.5,953.2
2026-08-17T06:00:00,Mumbai,28.8,84.5,0.0,16.9,1008.1
2026-08-17T06:00:00,Delhi,31.6,57.4,4.8,8.6,980.5
2026-08-17T06:00:00,Kolkata,29.1,89.0,33.9,11.2,1004.8
2026-08-17T06:00:00,Pune,24.1,71.5,0.0,13.1,948.7
2026-08-17T07:00:00,Chennai,5.3,79.2,0.0,15.3,1007.6
2026-08-17T07:00:00,Bengaluru,22.2,67.1,0.0,12.1,913.5
2026-08-17T07:00:00,Hyderabad,27.2,62.9,0.0,11.7,953.6
2026-08-17T07:00:00,Mumbai,30.0,84.4,0.0,15.3,1008.7
2026-08-17T07:00:00,Delhi,33.6,52.8,0.0,11.2,980.7
2026-08-17T07:00:00,Kolkata,30.2,83.1,0.0,15.8,1005.4
2026-08-17T07:00:00,Pune,26.5,65.9,7.9,11.2,948.9
2026-08-17T08:00:00,Chennai,31.3,76.0,0.0,16.6,1008.2
2026-08-17T08:00:00,Bengaluru,24.6,65.0,0.0,11.5,914.0
2026-08-17T08:00:00,Hyderabad,30.2,58.0,2.6,13.6,954.1
2026-08-17T08:00:00,Mumbai,30.5,85.0,0.0,18.5,1009.5
2026-08-17T08:00:00,Delhi,35.8,47.1,0.4,13.1,981.4
2026-08-17T08:00:00,Kolkata,32.1,82.8,0.0,15.3,1006.2
2026-08-17T08:00:00,Pune,27.7,61.6,1.5,14.4,949.3
2026-08-17T09:00:00,Chennai,32.9,74.3,0.0,16.7,1008.8
2026-08-17T09:00:00,Bengaluru,25.1,56.5,41.9,15.5,914.6
2026-08-17T09:00:00,Hyderabad,30.1,55.9,3.1,12.1,954.8
2026-08-17T09:00:00,Mumbai,31.2,80.2,0.0,15.5,1010.3
2026-08-17T09:00:00,Delhi,36.5,38.9,0.0,14.2,982.4
2026-08-17T09:00:00,Kolkata,32.9,79.0,0.0,13.9,1006.8
2026-08-17T09:00:00,Pune,27.6,59.1,0.0,14.1,950.3
2026-08-17T10:00:00,Chennai,33.3,72.5,0.0,13.6,1009.3
2026-08-17T10:00:00,Bengaluru,27.6,55.3,0.0,17.3,915.7
2026-08-17T10:00:00,Hyderabad,33.2,51.3,0.0,11.7,955.6
2026-08-17T10:00:00,Mumbai,32.5,74.9,0.0,17.3,1010.9
2026-08-17T10:00:00,Delhi,39.5,33.7,0.0,10.9,983.1
2026-08-17T10:00:00,Kolkata,34.3,70.5,0.0,15.3,1007.1
2026-08-17T10:00:00,Pune,29.8,56.7,0.0,13.5,950.8
2026-08-17T11:00:00,Chennai,35.5,64.7,0.0,19.4,1009.8
2026-08-17T11:00:00,Bengaluru,27.6,48.8,0.0,14.7,916.5
2026-08-17T11:00:00,Hyderabad,33.8,44.4,0.0,15.4,956.7
2026-08-17T11:00:00,Mumbai,32.0,74.0,0.0,16.8,1011.5
2026-08-17T11:00:00,Delhi,41.9,30.4,0.0,15.0,983.0
2026-08-17T11:00:00,Kolkata,35.0,70.5,0.0,13.1,1007.7
2026-08-17T11:00:00,Pune,30.9,51.5,6.7,18.1,951.3
2026-08-17T12:00:00,Chennai,35.1,65.2,16.9,14.5,1009.7
2026-08-17T12:00:00,Bengaluru,28.9,48.1,0.0,17.7,916.6
2026-08-17T12:00:00,Hyderabad,35.1,46.8,7.0,15.7,956.4
2026-08-17T12:00:00,Mumbai,33.4,76.1,0.0,19.2,1011.5
2026-08-17T12:00:00,Delhi,41.4,23.9,15.3,13.5,983.9
2026-08-17T12:00:00,Kolkata,34.7,66.6,8.4,16.3,1007.6
2026-08-17T12:00:00,Pune,30.8,48.9,0.0,18.6,951.4
2026-08-17T13:00:00,Chennai,35.9,62.5,0.0,19.1,1009.3
2026-08-17T13:00:00,Bengaluru,28.4,44.5,0.0,14.1,916.3
2026-08-17T13:00:00,Hyderabad,36.0,44.5,0.0,11.8,955.9
2026-08-17T13:00:00,Mumbai,34.2,70.2,0.0,21.0,1010.9
2026-08-17T13:00:00,Delhi,43.0,26.2,0.0,12.3,982.8
2026-08-17T13:00:00,Kolkata,34.9,64.0,0.0,14.1,1007.3
2026-08-17T13:00:00,Pune,31.9,50.4,0.0,17.9,950.9
2026-08-17T14:00:00,Chennai,37.0,66.7,0.0,17.7,1009.5
2026-08-17T14:00:00,Bengaluru,29.8,44.2,21.2,58.0,915.5
2026-08-17T14:00:00,Hyderabad,35.7,41.4,5.7,11.3,956.1
2026-08-17T14:00:00,Mumbai,34.7,70.9,4.6,17.8,1010.4
2026-08-17T14:00:00,Delhi,43.0,20.5,0.0,12.1,982.7
2026-08-17T14:00:00,Kolkata,35.2,63.2,9.6,13.4,1007.1
2026-08-17T14:00:00,Pune,32.3,51.0,0.0,14.3,950.5
2026-08-17T15:00:00,Chennai,36.3,65.9,9.4,16.6,1008.1
2026-08-17T15:00:00,Bengaluru,29.3,44.1,39.7,13.5,915.4
2026-08-17T15:00:00,Hyderabad,34.8,42.9,0.0,16.4,954.8
2026-08-17T15:00:00,Mumbai,34.2,70.6,0.0,22.7,1009.9
2026-08-17T15:00:00,Delhi,43.3,23.3,5.0,16.3,982.0
2026-08-17T15:00:00,Kolkata,34.9,69.3,0.0,12.9,1006.9
2026-08-17T15:00:00,Pune,33.0,48.8,0.0,15.9,950.1
2026-08-17T16:00:00,Chennai,35.0,67.0,0.0,17.5,1007.6
2026-08-17T16:00:00,Bengaluru,28.1,46.8,0.0,13.6,914.2
2026-08-17T16:00:00,Hyderabad,34.3,45.2,0.0,13.0,954.0
2026-08-17T16:00:00,Mumbai,33.0,76.2,0.0,18.0,1009.2
2026-08-17T16:00:00,Delhi,42.7,97.3,66.6,72.9,950.8
2026-08-17T16:00:00,Kolkata,35.5,68.8,0.0,13.1,1005.3
2026-08-17T16:00:00,Pune,32.1,50.1,0.0,18.8,949.6
2026-08-17T17:00:00,Chennai,35.7,68.7,0.0,13.2,1007.2
2026-08-17T17:00:00,Bengaluru,27.5,46.4,0.0,13.1,914.1
2026-08-17T17:00:00,Hyderabad,34.0,45.5,0.0,15.1,953.4
2026-08-17T17:00:00,Mumbai,32.5,77.4,43.0,20.1,1008.4
2026-08-17T17:00:00,Delhi,41.8,29.9,0.0,12.6,980.8
2026-08-17T17:00:00,Kolkata,34.7,70.5,5.4,12.6,1004.8
2026-08-17T17:00:00,Pune,30.3,53.5,0.0,18.1,948.4
2026-08-17T18:00:00,Chennai,34.6,70.2,0.0,14.3,1007.1
2026-08-17T18:00:00,Bengaluru,27.3,55.7,0.0,10.9,913.9
2026-08-17T18:00:00,Hyderabad,32.0,51.1,0.0,12.8,953.4
2026-08-17T18:00:00,Mumbai,31.7,75.7,5.4,17.4,1008.4
2026-08-17T18:00:00,Delhi,39.4,31.2,0.0,13.7,981.0
2026-08-17T18:00:00,Kolkata,33.0,71.0,11.8,13.7,1005.1
2026-08-17T18:00:00,Pune,29.9,57.3,3.3,14.3,948.3
2026-08-17T19:00:00,Chennai,32.3,71.9,0.0,17.3,1007.6
2026-08-17T19:00:00,Bengaluru,26.3,58.1,0.4,13.8,913.3
2026-08-17T19:00:00,Hyderabad,31.7,51.2,0.0,9.7,954.1
2026-08-17T19:00:00,Mumbai,31.7,76.8,12.0,18.5,1008.8
2026-08-17T19:00:00,Delhi,37.7,37.7,3.9,12.0,980.9
2026-08-17T19:00:00,Kolkata,33.3,77.1,0.0,13.2,1005.6
2026-08-17T19:00:00,Pune,28.1,58.3,18.7,12.0,948.8
2026-08-17T20:00:00,Chennai,32.1,76.8,0.0,12.8,1007.7
2026-08-17T20:00:00,Bengaluru,24.0,63.8,0.0,9.4,914.1
2026-08-17T20:00:00,Hyderabad,30.0,56.9,3.7,14.2,954.5
2026-08-17T20:00:00,Mumbai,30.2,79.0,17.7,17.1,1009.4
2026-08-17T20:00:00,Delhi,35.7,44.5,0.0,8.4,981.0
2026-08-17T20:00:00,Kolkata,31.2,81.0,0.0,14.9,1006.2
2026-08-17T20:00:00,Pune,27.2,66.8,7.3,14.8,949.2
2026-08-17T21:00:00,Chennai,29.9,77.4,14.7,10.2,1008.2
2026-08-17T21:00:00,Bengaluru,23.7,69.4,2.4,10.5,915.2
2026-08-17T21:00:00,Hyderabad,27.7,59.6,0.0,7.4,954.6
2026-08-17T21:00:00,Mumbai,29.8,86.2,4.8,12.5,1009.5
2026-08-17T21:00:00,Delhi,33.2,49.7,14.8,10.1,981.7
2026-08-17T21:00:00,Kolkata,29.5,84.7,49.5,11.9,1006.8
2026-08-17T21:00:00,Pune,25.1,69.7,0.0,14.3,950.4
2026-08-17T22:00:00,Chennai,30.5,84.3,0.0,10.0,1008.9
2026-08-17T22:00:00,Bengaluru,21.4,70.3,0.0,10.1,915.8
2026-08-17T22:00:00,Hyderabad,25.6,66.7,0.0,7.8,955.8
2026-08-17T22:00:00,Mumbai,27.9,88.8,0.0,17.6,1011.1
2026-08-17T22:00:00,Delhi,30.2,53.5,5.7,8.8,982.9
2026-08-17T22:00:00,Kolkata,29.8,87.1,8.4,12.0,1007.2
2026-08-17T22:00:00,Pune,24.7,71.5,0.0,10.9,950.7
2026-08-17T23:00:00,Chennai,27.9,82.8,0.0,10.3,1010.2
2026-08-17T23:00:00,Bengaluru,21.7,75.2,0.0,13.4,916.2
2026-08-17T23:00:00,Hyderabad,24.4,69.0,0.0,8.3,956.4
2026-08-17T23:00:00,Mumbai,27.9,88.9,12.0,13.7,1011.6
2026-08-17T23:00:00,Delhi,28.5,61.4,0.0,7.4,982.9
2026-08-17T23:00:00,Kolkata,29.0,91.6,0.7,14.4,1007.4
2026-08-17T23:00:00,Pune,22.5,73.6,0.0,10.5,951.6
